,GEOID,COUNTY,TRACT,CENTLAT,CENTLON
1891,22071000100,71,100.0,29.953687899999995,-90.04833070000001
1892,22071000100,71,100.0,29.950010100000004,-90.05025079999999
1893,22071000100,71,100.0,29.9538104,-90.05389709999999
1894,22071000200,71,200.0,29.9471189,-90.04781329999999
1895,22071000200,71,200.0,29.9454047,-90.0541603
1896,22071000300,71,300.0,29.943420899999996,-90.0487947
1897,22071000300,71,300.0,29.9388284,-90.0491601
1898,22071000400,71,400.0,29.952965999999996,-90.0421498
1899,22071000400,71,400.0,29.9414337,-90.0427304
1900,22071000601,71,601.0,29.9344788,-90.04207609999999
1901,22071000601,71,601.0,29.9314021,-90.0400379
1902,22071000602,71,602.0,29.9370039,-90.0305006
1903,22071000602,71,602.0,29.935623600000003,-90.0354248
1904,22071000602,71,602.0,29.941951500000002,-90.03658320000001
1905,22071000603,71,603.0,29.9287667,-90.02585040000001
1906,22071000603,71,603.0,29.9322827,-90.02497679999999
1907,22071000604,71,604.0,29.938319699999997,-90.0219698
1908,22071000604,71,604.0,29.9292701,-90.0171868
1909,22071000604,71,604.0,29.9324098,-90.0228681
1910,22071000605,71,605.0,29.9433179,-90.0175843
1911,22071000605,71,605.0,29.9463582,-90.0230665
1912,22071000605,71,605.0,29.949416499999998,-90.0320699
1913,22071000606,71,606.0,29.938719,-90.0083292
1914,22071000606,71,606.0,29.926980600000004,-90.0090679
1915,22071000606,71,606.0,29.9319202,-90.0104271
1916,22071000607,71,607.0,29.9256757,-89.98858340000001
1917,22071000607,71,607.0,29.927297999999997,-89.99409870000001
1918,22071000607,71,607.0,29.9308772,-89.9995895
1919,22071000611,71,611.0,29.922804499999998,-89.9814149
1920,22071000611,71,611.0,29.917298499999998,-89.9763092
1921,22071000612,71,612.0,29.901452799999998,-89.9353313
1922,22071000613,71,613.0,29.925618699999998,-90.0321132
1923,22071000613,71,613.0,29.9168143,-90.0241232
1924,22071000613,71,613.0,29.919275899999995,-90.01853440000001
1925,22071000615,71,615.0,29.9191174,-90.00455670000001
1926,22071000615,71,615.0,29.921384200000002,-90.0109815
1927,22071000616,71,616.0,29.9165979,-89.98943349999999
1928,22071000616,71,616.0,29.9111125,-89.9932483
1929,22071000616,71,616.0,29.9178212,-89.99741949999999
1930,22071000617,71,617.0,29.898620899999997,-89.9905132
1931,22071000617,71,617.0,29.8984402,-89.9968241
1932,22071000618,71,618.0,29.9070789,-90.0089768
1933,22071000618,71,618.0,29.906039399999997,-89.99663050000001
1934,22071000701,71,701.0,29.9772037,-90.0184498
1935,22071000701,71,701.0,29.9724037,-90.0198126
1936,22071000701,71,701.0,29.9677663,-90.0218703
1937,22071000701,71,701.0,29.970674699999996,-90.0233988
1938,22071000702,71,702.0,29.958216999999998,-90.0103689
1939,22071000702,71,702.0,29.9562874,-90.01245279999999
1940,22071000702,71,702.0,29.953162,-90.0112297
1941,22071000702,71,702.0,29.953863000000002,-90.02012540000001
1942,22071000800,71,800.0,29.9585647,-90.01617009999998
1943,22071000800,71,800.0,29.9593184,-90.0194915
1944,22071000800,71,800.0,29.960697999999997,-90.0232873
1945,22071000901,71,901.0,29.9711219,-90.00236269999999
1946,22071000901,71,901.0,29.9689457,-90.00460079999999
1947,22071000901,71,901.0,29.965482399999996,-90.0061625
1948,22071000901,71,901.0,29.961451500000003,-90.007616
1949,22071000902,71,902.0,29.974275800000004,-90.0064865
1950,22071000902,71,902.0,29.9721691,-90.0098066
1951,22071000902,71,902.0,29.9763592,-90.0122907
1952,22071000902,71,902.0,29.9736847,-90.0151984
1953,22071000903,71,903.0,29.9674828,-90.0097071
1954,22071000903,71,903.0,29.9676115,-90.0161028
1955,22071000903,71,903.0,29.9696511,-90.0121019
1956,22071000903,71,903.0,29.970588,-90.0162322
1957,22071000904,71,904.0,29.963034000000004,-90.0125165
1958,22071000904,71,904.0,29.964212100000005,-90.0178475
1959,22071001100,71,1100.0,29.973679999999998,-90.02754759999999
1960,22071001100,71,1100.0,29.9593971,-90.03399300000001
1961,22071001100,71,1100.0,29.959881199999998,-90.0318243
1962,22071001200,71,1200.0,29.961130999999998,-90.0462953
1963,22071001200,71,1200.0,29.965438800000005,-90.0455918
1964,22071001200,71,1200.0,29.966634000000003,-90.04925300000001
1965,22071001301,71,1301.0,29.969838300000003,-90.0392594
1966,22071001301,71,1301.0,29.965747399999998,-90.0414191
1967,22071001301,71,1301.0,29.9685701,-90.0429697
1968,22071001301,71,1301.0,29.972106099999998,-90.04210520000001
1969,22071001302,71,1302.0,29.970777500000004,-90.03415799999999
1970,22071001302,71,1302.0,29.9686995,-90.03478559999999
1971,22071001401,71,1401.0,29.978090299999998,-90.0321464
1972,22071001401,71,1401.0,29.978886699999997,-90.0347431
1973,22071001401,71,1401.0,29.979675099999998,-90.03674029999999
1974,22071001401,71,1401.0,29.980193,-90.0390204
1975,22071001401,71,1401.0,29.9840465,-90.0401411
1976,22071001401,71,1401.0,29.9806958,-90.04122109999999
1977,22071001402,71,1402.0,29.973578999999997,-90.03180040000001
1978,22071001402,71,1402.0,29.9741794,-90.0344705
1979,22071001402,71,1402.0,29.974709700000002,-90.036835
1980,22071001402,71,1402.0,29.975601399999995,-90.0407903
1981,22071001500,71,1500.0,29.978799199999997,-90.045053
1982,22071001500,71,1500.0,29.971031099999998,-90.0469213
1983,22071001600,71,1600.0,29.9817483,-90.0322142
1984,22071001701,71,1701.0,30.023920299999997,-90.03526090000001
1985,22071001701,71,1701.0,30.021368699999996,-90.0402052
1986,22071001701,71,1701.0,30.020832799999997,-90.0453448
1987,22071001702,71,1702.0,30.0119803,-90.0320782
1988,22071001702,71,1702.0,30.0092969,-90.03761740000002
1989,22071001702,71,1702.0,30.008121799999998,-90.04160470000001
1990,22071001702,71,1702.0,30.008641700000002,-90.0445632
1991,22071001720,71,1720.0,30.0252104,-90.0184332
1992,22071001720,71,1720.0,30.0212269,-90.018551
1993,22071001720,71,1720.0,30.0152123,-90.01589609999999
1994,22071001720,71,1720.0,30.020029600000004,-90.02606429999999
1995,22071001722,71,1722.0,30.0214609,-89.9921521
1996,22071001722,71,1722.0,30.0167107,-89.9915777
1997,22071001722,71,1722.0,30.0167447,-89.9976167
1998,22071001722,71,1722.0,30.019194,-90.0008658
1999,22071001722,71,1722.0,30.0165392,-90.00584520000001
2000,22071001722,71,1722.0,30.014302100000002,-90.0114243
2001,22071001722,71,1722.0,30.019019699999998,-90.01155240000001
2002,22071001723,71,1723.0,30.0210288,-89.9712686
2003,22071001723,71,1723.0,30.0214092,-89.97695340000001
2004,22071001723,71,1723.0,30.019990399999998,-89.9827089
2005,22071001723,71,1723.0,30.0193935,-89.9868814
2006,22071001724,71,1724.0,30.035072200000002,-90.0085385
2007,22071001724,71,1724.0,30.033102600000003,-90.01422690000001
2008,22071001724,71,1724.0,30.029134399999997,-90.0210567
2009,22071001724,71,1724.0,30.0433151,-90.0251598
2010,22071001725,71,1725.0,30.045374900000002,-89.9847165
2011,22071001725,71,1725.0,30.0430993,-89.98944449999999
2012,22071001725,71,1725.0,30.040521299999998,-89.995134
2013,22071001725,71,1725.0,30.043906800000002,-89.9995551
2014,22071001730,71,1730.0,30.0878109,-89.8982943
2015,22071001734,71,1734.0,30.105496999999996,-89.7527073
2016,22071001735,71,1735.0,30.025760700000003,-89.9963469
2017,22071001735,71,1735.0,30.0237028,-90.007427
2018,22071001736,71,1736.0,30.0317961,-89.982817
2019,22071001736,71,1736.0,30.0275552,-89.9795066
2020,22071001737,71,1737.0,30.047175399999997,-89.98027440000001
2021,22071001737,71,1737.0,30.053138699999998,-89.97804649999999
2022,22071001737,71,1737.0,30.0490067,-89.9766041
2023,22071001739,71,1739.0,30.044468199999997,-89.9705629
2024,22071001739,71,1739.0,30.0411731,-89.9761503
2025,22071001740,71,1740.0,30.0601767,-89.9464233
2026,22071001740,71,1740.0,30.048679600000003,-89.9634986
2027,22071001740,71,1740.0,30.053186600000004,-89.9565422
2028,22071001741,71,1741.0,30.036969899999995,-89.9348205
2029,22071001743,71,1743.0,30.0313422,-89.99942349999999
2030,22071001743,71,1743.0,30.0288332,-90.0090931
2031,22071001744,71,1744.0,30.0382022,-89.98263309999999
2032,22071001744,71,1744.0,30.035461199999997,-89.9890862
2033,22071001744,71,1744.0,30.0336836,-89.993228
2034,22071001745,71,1745.0,30.0597869,-89.966944
2035,22071001745,71,1745.0,30.0549123,-89.9631096
2036,22071001746,71,1746.0,30.062212199999998,-89.9528083
2037,22071001746,71,1746.0,30.0680598,-89.94451090000001
2038,22071001746,71,1746.0,30.0705923,-89.9524449
2039,22071001747,71,1747.0,30.0338,-89.9557916
2040,22071001747,71,1747.0,30.0451592,-89.9524334
2041,22071001748,71,1748.0,30.0275397,-89.9467751
2042,22071001748,71,1748.0,30.0257451,-89.9635814
2043,22071001748,71,1748.0,30.022326,-89.9633786
2044,22071001748,71,1748.0,30.023745799999997,-89.9561707
2045,22071001749,71,1749.0,30.0428938,-89.9219416
2046,22071001749,71,1749.0,30.040137899999994,-89.9261812
2047,22071001750,71,1750.0,30.0354708,-89.9250774
2048,22071001750,71,1750.0,30.040157,-89.9083333
2049,22071001750,71,1750.0,30.0376108,-89.9168258
2050,22071001751,71,1751.0,30.030143100000004,-89.9108413
2051,22071001800,71,1800.0,29.9673921,-90.0537128
2052,22071001800,71,1800.0,29.9627658,-90.0541347
2053,22071001900,71,1900.0,29.971805199999995,-90.0509802
2054,22071001900,71,1900.0,29.971384499999996,-90.0535262
2055,22071001900,71,1900.0,29.971232300000004,-90.05587829999999
2056,22071002000,71,2000.0,29.9762544,-90.0498485
2057,22071002000,71,2000.0,29.975883500000002,-90.05325450000001
2058,22071002000,71,2000.0,29.9757025,-90.0562271
2059,22071002100,71,2100.0,29.9809857,-90.0530891
2060,22071002100,71,2100.0,29.980207899999996,-90.0559645
2061,22071002200,71,2200.0,29.9832989,-90.04902690000002
2062,22071002200,71,2200.0,29.980467800000003,-90.0482377
2063,22071002200,71,2200.0,29.980114,-90.0507573
2064,22071002300,71,2300.0,29.9916007,-90.0467821
2065,22071002300,71,2300.0,29.9866061,-90.0494701
2066,22071002300,71,2300.0,29.9867825,-90.05531090000001
2067,22071002300,71,2300.0,29.9901201,-90.0550834
2068,22071002300,71,2300.0,29.9889695,-90.0656324
2069,22071002401,71,2401.0,29.9956468,-90.0538622
2070,22071002401,71,2401.0,29.9946173,-90.0571812
2071,22071002402,71,2402.0,30.001194,-90.04802990000002
2072,22071002402,71,2402.0,29.9962586,-90.0479645
2073,22071002402,71,2402.0,29.997119800000004,-90.0515822
2074,22071002402,71,2402.0,30.0010656,-90.05286509999999
2075,22071002501,71,2501.0,30.023774300000003,-90.0579077
2076,22071002501,71,2501.0,30.0207373,-90.0576287
2077,22071002501,71,2501.0,30.017661,-90.0571281
2078,22071002501,71,2501.0,30.014399100000002,-90.05716559999999
2079,22071002502,71,2502.0,30.024635800000002,-90.0507874
2080,22071002502,71,2502.0,30.0211072,-90.0506864
2081,22071002502,71,2502.0,30.0179788,-90.0507442
2082,22071002502,71,2502.0,30.014979999999998,-90.0498994
2083,22071002503,71,2503.0,30.011561100000005,-90.0570004
2084,22071002503,71,2503.0,30.0083863,-90.0567839
2085,22071002503,71,2503.0,30.004057500000002,-90.0568481
2086,22071002504,71,2504.0,30.011069199999998,-90.0481981
2087,22071002504,71,2504.0,30.0059368,-90.0477495
2088,22071002504,71,2504.0,30.0058441,-90.0513478
2089,22071002504,71,2504.0,30.010950199999996,-90.05178149999999
2090,22071002600,71,2600.0,29.9669244,-90.0594548
2091,22071002600,71,2600.0,29.964207399999996,-90.0590316
2092,22071002700,71,2700.0,29.9721897,-90.06115909999998
2093,22071002700,71,2700.0,29.9699872,-90.058824
2094,22071002700,71,2700.0,29.9697219,-90.062179
2095,22071002800,71,2800.0,29.982163300000003,-90.06801440000001
2096,22071002800,71,2800.0,29.9797313,-90.0671761
2097,22071002800,71,2800.0,29.9759081,-90.0660338
2098,22071002900,71,2900.0,29.9769892,-90.0592618
2099,22071002900,71,2900.0,29.976800899999997,-90.0627768
2100,22071002900,71,2900.0,29.974208899999997,-90.06074749999999
2101,22071003000,71,3000.0,29.9821971,-90.0611425
2102,22071003000,71,3000.0,29.9798908,-90.06178349999999
2103,22071003100,71,3100.0,29.9846625,-90.0615806
2104,22071003100,71,3100.0,29.9849114,-90.06728559999999
2105,22071003301,71,3301.0,30.016619,-90.07285809999999
2106,22071003301,71,3301.0,30.0162212,-90.0774945
2107,22071003301,71,3301.0,30.0157837,-90.0820066
2108,22071003302,71,3302.0,30.0077229,-90.0722927
2109,22071003302,71,3302.0,30.0036054,-90.0764743
2110,22071003302,71,3302.0,30.003247100000003,-90.0820596
2111,22071003302,71,3302.0,30.009197999999998,-90.07985699999999
2112,22071003303,71,3303.0,30.0206348,-90.06343170000001
2113,22071003303,71,3303.0,30.020176,-90.06699259999999
2114,22071003303,71,3303.0,30.0199011,-90.069438
2115,22071003304,71,3304.0,30.014380600000003,-90.06551309999999
2116,22071003304,71,3304.0,30.010106099999998,-90.0650908
2117,22071003307,71,3307.0,29.999062199999997,-90.0712808
2118,22071003307,71,3307.0,29.9924907,-90.0706635
2119,22071003308,71,3308.0,30.005526500000002,-90.06164100000001
2120,22071003308,71,3308.0,30.0002077,-90.0626115
2121,22071003308,71,3308.0,29.993031899999995,-90.06283020000001
2122,22071003308,71,3308.0,30.0063267,-90.06582970000001
2123,22071003308,71,3308.0,30.003442699999997,-90.0672584
2124,22071003308,71,3308.0,29.9966168,-90.0662642
2125,22071003400,71,3400.0,29.972340999999997,-90.0682902
2126,22071003400,71,3400.0,29.969243900000002,-90.06536679999999
2127,22071003500,71,3500.0,29.976824699999998,-90.0694814
2128,22071003500,71,3500.0,29.974903100000002,-90.0708205
2129,22071003500,71,3500.0,29.9732771,-90.0722475
2130,22071003600,71,3600.0,29.980723600000005,-90.0715917
2131,22071003600,71,3600.0,29.978484899999998,-90.0731992
2132,22071003600,71,3600.0,29.976030699999995,-90.07534799999999
2133,22071003701,71,3701.0,29.9867966,-90.08309890000001
2134,22071003701,71,3701.0,29.990539399999996,-90.0805728
2135,22071003702,71,3702.0,29.9874662,-90.0714379
2136,22071003702,71,3702.0,29.985487699999997,-90.0749316
2137,22071003702,71,3702.0,29.9842066,-90.0723248
2138,22071003702,71,3702.0,29.9808457,-90.0759056
2139,22071003702,71,3702.0,29.978374699999996,-90.07964190000001
2140,22071003702,71,3702.0,29.983040999999997,-90.0814306
2141,22071003800,71,3800.0,29.963541999999997,-90.06353270000001
2142,22071003800,71,3800.0,29.960145500000003,-90.05853940000002
2143,22071003900,71,3900.0,29.966765999999996,-90.0681956
2144,22071003900,71,3900.0,29.963137,-90.0695204
2145,22071004000,71,4000.0,29.972748,-90.0768976
2146,22071004000,71,4000.0,29.969411800000003,-90.0720209
2147,22071004100,71,4100.0,29.9761749,-90.08181359999999
2148,22071004100,71,4100.0,29.979854600000003,-90.0866625
2149,22071004401,71,4401.0,29.970195899999997,-90.08130940000001
2150,22071004401,71,4401.0,29.969019199999998,-90.0775001
2151,22071004401,71,4401.0,29.9665516,-90.0738725
2152,22071004402,71,4402.0,29.967306699999998,-90.0801174
2153,22071004402,71,4402.0,29.9648006,-90.0762119
2154,22071004500,71,4500.0,29.9715423,-90.08387049999999
2155,22071004500,71,4500.0,29.973075399999995,-90.086197
2156,22071004500,71,4500.0,29.9750212,-90.0886819
2157,22071004600,71,4600.0,29.9826831,-90.0964794
2158,22071004600,71,4600.0,29.980076699999998,-90.0920698
2159,22071004600,71,4600.0,29.981356400000003,-90.0999094
2160,22071004800,71,4800.0,29.959662199999997,-90.0737231
2161,22071004900,71,4900.0,29.965938800000004,-90.0833439
2162,22071004900,71,4900.0,29.9624001,-90.078968
2163,22071004900,71,4900.0,29.9598614,-90.0820983
2164,22071004900,71,4900.0,29.9635406,-90.0864093
2165,22071005000,71,5000.0,29.973427500000003,-90.09532879999999
2166,22071005000,71,5000.0,29.968816399999998,-90.0887666
2167,22071005400,71,5400.0,29.9812522,-90.10687800000001
2168,22071005400,71,5400.0,29.9793848,-90.102951
2169,22071005400,71,5400.0,29.976900899999997,-90.09677679999999
2170,22071005500,71,5500.0,29.991506199999996,-90.105663
2171,22071005500,71,5500.0,29.986269699999998,-90.10934350000001
2172,22071005500,71,5500.0,29.9926164,-90.11305909999999
2173,22071005601,71,5601.0,30.016131400000003,-90.1090728
2174,22071005601,71,5601.0,30.008745399999995,-90.10996479999999
2175,22071005601,71,5601.0,30.0092368,-90.1138266
2176,22071005601,71,5601.0,30.016543300000002,-90.1130828
2177,22071005602,71,5602.0,30.016337100000005,-90.10117729999999
2178,22071005602,71,5602.0,30.009950399999997,-90.1019278
2179,22071005602,71,5602.0,30.007611699999998,-90.10512220000001
2180,22071005602,71,5602.0,30.015787300000003,-90.1051858
2181,22071005603,71,5603.0,30.002222800000002,-90.11075840000001
2182,22071005603,71,5603.0,29.997486300000002,-90.1123076
2183,22071005603,71,5603.0,30.0018885,-90.1144576
2184,22071005604,71,5604.0,30.0025923,-90.104535
2185,22071005604,71,5604.0,29.9988847,-90.10495350000001
2186,22071005604,71,5604.0,29.9953298,-90.105358
2187,22071006000,71,6000.0,29.956926899999996,-90.08699150000001
2188,22071006300,71,6300.0,29.9673249,-90.09415770000001
2189,22071006300,71,6300.0,29.9659818,-90.0901098
2190,22071006300,71,6300.0,29.9642523,-90.0916335
2191,22071006400,71,6400.0,29.972144899999996,-90.10038670000002
2192,22071006400,71,6400.0,29.969864,-90.096938
2193,22071006400,71,6400.0,29.967734999999998,-90.098835
2194,22071006400,71,6400.0,29.9697082,-90.1027836
2195,22071006500,71,6500.0,29.977470500000003,-90.11000440000001
2196,22071006500,71,6500.0,29.975058899999997,-90.1044756
2197,22071006500,71,6500.0,29.972303399999998,-90.1063976
2198,22071006900,71,6900.0,29.953307000000002,-90.0916181
2199,22071006900,71,6900.0,29.951106099999997,-90.0951803
2200,22071006900,71,6900.0,29.9490592,-90.0895938
2201,22071007000,71,7000.0,29.964802000000002,-90.1063635
2202,22071007000,71,7000.0,29.9580032,-90.1003017
2203,22071007101,71,7101.0,29.962830699999998,-90.0946832
2204,22071007101,71,7101.0,29.9664397,-90.10246219999999
2205,22071007200,71,7200.0,29.964121600000002,-90.11436009999998
2206,22071007200,71,7200.0,29.9616183,-90.1107379
2207,22071007200,71,7200.0,29.957945000000002,-90.1059907
2208,22071007501,71,7501.0,29.973436199999995,-90.1222564
2209,22071007501,71,7501.0,29.970231800000004,-90.1208672
2210,22071007501,71,7501.0,29.9675854,-90.12375209999999
2211,22071007501,71,7501.0,29.964624699999998,-90.127785
2212,22071007501,71,7501.0,29.969099800000002,-90.12572879999999
2213,22071007502,71,7502.0,29.9691613,-90.1157298
2214,22071007502,71,7502.0,29.9673527,-90.11698659999999
2215,22071007502,71,7502.0,29.9657896,-90.1194074
2216,22071007502,71,7502.0,29.964215600000003,-90.1215217
2217,22071007502,71,7502.0,29.9623377,-90.1249668
2218,22071007604,71,7604.0,29.993833799999997,-90.11987009999999
2219,22071007604,71,7604.0,29.9810658,-90.11921269999999
2220,22071007605,71,7605.0,29.969927600000002,-90.1115631
2221,22071007605,71,7605.0,29.973960499999997,-90.1150569
2222,22071007606,71,7606.0,30.0229394,-90.1172933
2223,22071007606,71,7606.0,30.0114283,-90.11820379999999
2224,22071007606,71,7606.0,30.0046625,-90.1193592
2225,22071007700,71,7700.0,29.9356972,-90.0639493
2226,22071007700,71,7700.0,29.9341171,-90.068473
2227,22071007800,71,7800.0,29.935141700000003,-90.07262109999999
2228,22071008200,71,8200.0,29.934055400000002,-90.07794859999998
2229,22071008200,71,8200.0,29.9315408,-90.0756219
2230,22071008300,71,8300.0,29.930601899999996,-90.0793638
2231,22071008300,71,8300.0,29.926530100000004,-90.0762451
2232,22071008400,71,8400.0,29.936452000000003,-90.080174
2233,22071008400,71,8400.0,29.935124699999996,-90.0827588
2234,22071008500,71,8500.0,29.940542600000004,-90.0842858
2235,22071008500,71,8500.0,29.9385473,-90.0847813
2236,22071008600,71,8600.0,29.9460097,-90.090818
2237,22071008600,71,8600.0,29.9425564,-90.08748390000001
2238,22071008800,71,8800.0,29.925645899999996,-90.07914170000001
2239,22071008800,71,8800.0,29.923927399999997,-90.08053290000001
2240,22071009000,71,9000.0,29.930069,-90.0845181
2241,22071009000,71,9000.0,29.927731899999998,-90.0827864
2242,22071009000,71,9000.0,29.9264962,-90.08751559999999
2243,22071009100,71,9100.0,29.9337467,-90.0850997
2244,22071009100,71,9100.0,29.931400699999998,-90.0872212
2245,22071009100,71,9100.0,29.933100800000002,-90.0884824
2246,22071009100,71,9100.0,29.930783,-90.090149
2247,22071009200,71,9200.0,29.937607500000002,-90.08862540000001
2248,22071009200,71,9200.0,29.9360028,-90.0874161
2249,22071009200,71,9200.0,29.934936800000003,-90.0912345
2250,22071009400,71,9400.0,29.950509399999998,-90.0987207
2251,22071009400,71,9400.0,29.947925399999995,-90.0966723
2252,22071009400,71,9400.0,29.9463064,-90.0938797
2253,22071009400,71,9400.0,29.9443968,-90.09519949999999
2254,22071009600,71,9600.0,29.921635700000003,-90.0896872
2255,22071009600,71,9600.0,29.9195893,-90.0880958
2256,22071009600,71,9600.0,29.9195453,-90.0922712
2257,22071009700,71,9700.0,29.920077000000003,-90.097536
2258,22071009700,71,9700.0,29.918273699999997,-90.09720779999999
2259,22071009900,71,9900.0,29.924959499999996,-90.0918086
2260,22071009900,71,9900.0,29.922833899999997,-90.0980213
2261,22071009900,71,9900.0,29.9256265,-90.0985401
2262,22071010000,71,10000.0,29.934340999999996,-90.0953353
2263,22071010000,71,10000.0,29.9323881,-90.093404
2264,22071010000,71,10000.0,29.9291511,-90.093416
2265,22071010000,71,10000.0,29.931635999999997,-90.09563979999999
2266,22071010100,71,10100.0,29.932568100000005,-90.0998332
2267,22071010100,71,10100.0,29.928637,-90.0991104
2268,22071010200,71,10200.0,29.9398609,-90.098279
2269,22071010200,71,10200.0,29.937788899999997,-90.09782840000001
2270,22071010200,71,10200.0,29.9358409,-90.0973449
2271,22071010200,71,10200.0,29.935895600000002,-90.1012083
2272,22071010200,71,10200.0,29.938652100000002,-90.1015479
2273,22071010300,71,10300.0,29.947680699999996,-90.1005048
2274,22071010300,71,10300.0,29.9430126,-90.0987084
2275,22071010300,71,10300.0,29.9425219,-90.1019902
2276,22071010300,71,10300.0,29.9471529,-90.10288409999998
2277,22071010600,71,10600.0,29.9194332,-90.11180829999999
2278,22071010600,71,10600.0,29.9174401,-90.11215209999999
2279,22071010700,71,10700.0,29.9234554,-90.10343590000001
2280,22071010700,71,10700.0,29.9231463,-90.10711059999998
2281,22071010800,71,10800.0,29.9257995,-90.11144329999999
2282,22071010800,71,10800.0,29.922265999999997,-90.1118176
2283,22071010900,71,10900.0,29.9326493,-90.105005
2284,22071010900,71,10900.0,29.928644,-90.1048811
2285,22071010900,71,10900.0,29.929098200000002,-90.1099261
2286,22071010900,71,10900.0,29.932575099999998,-90.109646
2287,22071011100,71,11100.0,29.9371083,-90.1049332
2288,22071011100,71,11100.0,29.9354255,-90.108828
2289,22071011100,71,11100.0,29.938720399999998,-90.1087744
2290,22071011200,71,11200.0,29.9453756,-90.1062453
2291,22071011200,71,11200.0,29.941887599999998,-90.1061822
2292,22071011400,71,11400.0,29.9188626,-90.1176163
2293,22071011400,71,11400.0,29.919686499999997,-90.1219903
2294,22071011500,71,11500.0,29.92519,-90.1230755
2295,22071011500,71,11500.0,29.921108899999997,-90.1260814
2296,22071011600,71,11600.0,29.9239544,-90.11574420000001
2297,22071011600,71,11600.0,29.924055900000003,-90.11892759999999
2298,22071011700,71,11700.0,29.9336402,-90.1134818
2299,22071011700,71,11700.0,29.928883799999998,-90.1154233
2300,22071011700,71,11700.0,29.9288318,-90.1207111
2301,22071011700,71,11700.0,29.933799199999996,-90.11792659999999
2302,22071011900,71,11900.0,29.9390907,-90.11126209999999
2303,22071011900,71,11900.0,29.938578200000002,-90.11498490000001
2304,22071011900,71,11900.0,29.9419179,-90.11384
2305,22071012000,71,12000.0,29.9251331,-90.1307295
2306,22071012000,71,12000.0,29.935414299999998,-90.1283109
2307,22071012101,71,12101.0,29.9480826,-90.119487
2308,22071012101,71,12101.0,29.9453848,-90.11735909999999
2309,22071012102,71,12102.0,29.9410166,-90.1210713
2310,22071012102,71,12102.0,29.9362162,-90.12149649999999
2311,22071012102,71,12102.0,29.9386795,-90.1251855
2312,22071012200,71,12200.0,29.950274100000005,-90.1136521
2313,22071012200,71,12200.0,29.945774600000004,-90.1105068
2314,22071012300,71,12300.0,29.9528722,-90.1036684
2315,22071012300,71,12300.0,29.9511136,-90.1050915
2316,22071012300,71,12300.0,29.948694699999997,-90.107345
2317,22071012400,71,12400.0,29.9563436,-90.108726
2318,22071012400,71,12400.0,29.9539037,-90.11065620000001
2319,22071012500,71,12500.0,29.939776199999997,-90.13166030000001
2320,22071012500,71,12500.0,29.933038300000003,-90.1356934
2321,22071012600,71,12600.0,29.944541600000004,-90.12953540000001
2322,22071012600,71,12600.0,29.942286199999998,-90.1269149
2323,22071012600,71,12600.0,29.941416200000003,-90.13048640000001
2324,22071012700,71,12700.0,29.950511300000002,-90.1239207
2325,22071012700,71,12700.0,29.948274100000003,-90.1221299
2326,22071012700,71,12700.0,29.945307,-90.12485490000002
2327,22071012700,71,12700.0,29.94769,-90.1269184
2328,22071012800,71,12800.0,29.957736800000003,-90.11514009999999
2329,22071012800,71,12800.0,29.954740299999997,-90.11824320000001
2330,22071012800,71,12800.0,29.952331800000003,-90.12046
2331,22071012900,71,12900.0,29.945082399999997,-90.13436999999999
2332,22071012900,71,12900.0,29.948904499999998,-90.136282
2333,22071013000,71,13000.0,29.953956199999997,-90.1265136
2334,22071013000,71,13000.0,29.9525471,-90.12802070000001
2335,22071013000,71,13000.0,29.951121999999998,-90.1295251
2336,22071013100,71,13100.0,29.9570072,-90.1305128
2337,22071013100,71,13100.0,29.9559711,-90.1322508
2338,22071013100,71,13100.0,29.9531761,-90.1328934
2339,22071013100,71,13100.0,29.954687100000005,-90.1345926
2340,22071013200,71,13200.0,29.961249300000002,-90.1186892
2341,22071013200,71,13200.0,29.959493199999997,-90.1205754
2342,22071013200,71,13200.0,29.9572549,-90.12297109999999
2343,22071013200,71,13200.0,29.958712100000003,-90.1282202
2344,22071013301,71,13301.0,30.024280600000004,-90.09922390000001
2345,22071013301,71,13301.0,30.027600399999997,-90.0939129
2346,22071013301,71,13301.0,30.0212859,-90.1048132
2347,22071013301,71,13301.0,30.024392600000002,-90.11027750000001
2348,22071013302,71,13302.0,30.032200500000002,-90.0563719
2349,22071013302,71,13302.0,30.027488199999997,-90.0785066
2350,22071013400,71,13400.0,29.9452708,-90.06256490000001
2351,22071013400,71,13400.0,29.948927500000003,-90.07691109999999
2352,22071013400,71,13400.0,29.953181899999997,-90.0723588
2353,22071013500,71,13500.0,29.953661100000005,-90.0646959
2354,22071013500,71,13500.0,29.957199600000003,-90.0611723
2355,22071013500,71,13500.0,29.957392499999997,-90.0664905
2356,22071013500,71,13500.0,29.960797600000003,-90.06597159999998
2357,22071013600,71,13600.0,29.964658399999998,-90.035996
2358,22071013600,71,13600.0,29.966742,-90.03537920000001
2359,22071013700,71,13700.0,29.9947495,-90.0278614
2360,22071013700,71,13700.0,29.989538,-90.03657220000001
2361,22071013700,71,13700.0,29.9888159,-90.0323128
2362,22071013700,71,13700.0,29.995526799999997,-90.04057890000001
2363,22071013800,71,13800.0,29.997990299999998,-90.0769556
2364,22071013800,71,13800.0,29.9944941,-90.0757987
2365,22071013800,71,13800.0,29.9955322,-90.0821871
2366,22071013900,71,13900.0,29.9413587,-90.0749118
2367,22071013900,71,13900.0,29.938725,-90.07724420000001
2368,22071014000,71,14000.0,29.944108399999998,-90.08359329999999
2369,22071014000,71,14000.0,29.9447153,-90.08056359999999
2370,22071014000,71,14000.0,29.942883600000002,-90.08321509999999
2371,22071014000,71,14000.0,29.947034600000002,-90.0846566
2372,22071014100,71,14100.0,29.929461699999997,-90.0733448
2373,22071014100,71,14100.0,29.9237799,-90.0701176
2374,22071014100,71,14100.0,29.927654800000003,-90.0710888
2375,22071014200,71,14200.0,29.916622600000004,-90.0879342
2376,22071014200,71,14200.0,29.9226583,-90.08520940000001
2377,22071014200,71,14200.0,29.921975300000003,-90.0828333
2378,22071014300,71,14300.0,29.9377663,-90.09361240000001
2379,22071014300,71,14300.0,29.940317200000003,-90.0948408
2380,22071014300,71,14300.0,29.940867800000003,-90.09098420000001
2381,22071014400,71,14400.0,29.9132846,-90.1158011
2382,22071014400,71,14400.0,29.917693100000005,-90.1045887
2383,22071014400,71,14400.0,29.9195153,-90.10464609999998
2384,22071014500,71,14500.0,29.960629100000002,-90.09500609999999
2385,22071980000,71,980000.0,30.0014941,-90.09310570000001
2386,22071980100,71,980100.0,30.0044975,-89.91571440000001
2387,22071990000,71,990000.0,30.1214413,-89.97291
