,Geo_ID,Census Tract,Total Population,White,Black,American Indian and Alask Native,Asian,Native Hawaiian and Other Pacific Islander,Other,Year
0,1400000US22071006000,60,449,164,179,0,106,0,0,2010
1,1400000US22071006300,63,1340,283,843,0,0,0,214,2010
2,1400000US22071006400,64,2118,1273,770,0,30,0,23,2010
3,1400000US22071006500,65,2126,933,1031,8,0,22,102,2010
4,1400000US22071006900,69,773,0,773,0,0,0,0,2010
5,1400000US22071007000,70,1517,55,1462,0,0,0,0,2010
6,1400000US22071007101,71.01,967,317,650,0,0,0,0,2010
7,1400000US22071007200,72,1818,158,1547,0,0,0,23,2010
8,1400000US22071007501,75.01,1497,62,1424,11,0,0,0,2010
9,1400000US22071007502,75.02,2322,62,2195,0,0,0,65,2010
10,1400000US22071007604,76.04,1344,1344,0,0,0,0,0,2010
11,1400000US22071007605,76.05,1064,22,1042,0,0,0,0,2010
12,1400000US22071007606,76.06,1818,1400,191,0,135,0,23,2010
13,1400000US22071007700,77,2010,1355,471,0,38,0,34,2010
14,1400000US22071007800,78,1518,1134,303,0,23,0,0,2010
15,1400000US22071008200,82,1463,1166,186,0,0,0,15,2010
16,1400000US22071008300,83,969,505,402,0,46,0,16,2010
17,1400000US22071008400,84,992,213,723,0,28,0,0,2010
18,1400000US22071008500,85,1410,68,1316,0,0,0,0,2010
19,1400000US22071008600,86,570,0,570,0,0,0,0,2010
20,1400000US22071008800,88,1363,551,688,0,33,0,91,2010
21,1400000US22071009000,90,1698,1577,54,19,30,0,0,2010
22,1400000US22071009100,91,2083,659,1351,60,0,0,13,2010
23,1400000US22071009200,92,970,8,962,0,0,0,0,2010
24,1400000US22071009400,94,1571,79,1492,0,0,0,0,2010
25,1400000US22071009600,96,1401,752,641,0,8,0,0,2010
26,1400000US22071009700,97,1338,729,590,0,19,0,0,2010
27,1400000US22071009900,99,2815,2397,239,0,89,0,38,2010
28,1400000US22071010000,100,1487,223,1223,0,0,0,41,2010
29,1400000US22071010100,101,1978,981,918,0,29,50,0,2010
30,1400000US22071010200,102,798,124,654,0,0,0,20,2010
31,1400000US22071010300,103,1874,231,1643,0,0,0,0,2010
32,1400000US22071010600,106,1629,639,911,9,0,0,0,2010
33,1400000US22071010700,107,1526,1160,263,0,33,0,8,2010
34,1400000US22071010800,108,1154,1024,120,0,0,0,10,2010
35,1400000US22071010900,109,3029,1653,1220,130,14,0,12,2010
36,1400000US22071011100,111,1508,210,1298,0,0,0,0,2010
37,1400000US22071011200,112,933,537,257,59,22,0,50,2010
38,1400000US22071011400,114,1618,1496,92,0,0,8,0,2010
39,1400000US22071011500,115,1289,1058,69,5,82,0,5,2010
40,1400000US22071011600,116,1397,1277,86,0,12,0,13,2010
41,1400000US22071011700,117,2192,2173,0,0,19,0,0,2010
42,1400000US22071011900,119,1678,1574,32,0,33,0,39,2010
43,1400000US22071012000,120,1370,1181,87,0,102,0,0,2010
44,1400000US22071012101,121.01,3343,2721,212,0,317,0,0,2010
45,1400000US22071012102,121.02,4236,3694,161,0,281,0,0,2010
46,1400000US22071012200,122,1508,1231,101,0,131,0,0,2010
47,1400000US22071012300,123,1471,776,667,20,0,0,8,2010
48,1400000US22071012400,124,1502,900,514,0,0,0,88,2010
49,1400000US22071012500,125,1492,911,496,0,43,0,0,2010
50,1400000US22071012600,126,1666,1343,182,0,124,0,0,2010
51,1400000US22071012700,127,2673,1360,1222,0,7,0,72,2010
52,1400000US22071012800,128,1984,1343,454,0,77,0,105,2010
53,1400000US22071012900,129,1203,766,326,0,86,0,0,2010
54,1400000US22071013000,130,1535,395,1131,0,9,0,0,2010
55,1400000US22071013100,131,1594,6,1588,0,0,0,0,2010
56,1400000US22071013200,132,2162,609,1355,0,0,0,198,2010
57,1400000US22071013301,133.01,3295,3160,0,0,62,0,12,2010
58,1400000US22071013302,133.02,1689,1339,283,0,14,0,53,2010
59,1400000US22071013400,134,1173,783,235,0,77,0,42,2010
60,1400000US22071013500,135,2001,1758,94,20,55,0,7,2010
61,1400000US22071013600,136,680,358,312,10,0,0,0,2010
62,1400000US22071013700,137,1078,105,973,0,0,0,0,2010
63,1400000US22071013800,138,932,23,909,0,0,0,0,2010
64,1400000US22071013900,139,930,637,211,26,56,0,0,2010
65,1400000US22071014000,140,1805,85,1720,0,0,0,0,2010
66,1400000US22071014100,141,1446,446,943,0,21,0,36,2010
67,1400000US22071014200,142,1503,615,870,0,18,0,0,2010
68,1400000US22071014300,143,690,0,646,0,0,0,0,2010
69,1400000US22071014400,144,1884,818,730,0,0,0,71,2010
70,1400000US22071014500,145,2106,530,1556,8,0,8,0,2010
71,1400000US22071980000,9800,9,9,0,0,0,0,0,2010
72,1400000US22071980100,9801,0,0,0,0,0,0,0,2010
73,1400000US22071990000,9900,0,0,0,0,0,0,0,2010
74,1400000US22071000100,1,2298,1659,631,0,8,0,0,2010
75,1400000US22071000200,2,1447,154,1281,0,0,0,0,2010
76,1400000US22071000300,3,1012,59,953,0,0,0,0,2010
77,1400000US22071000400,4,1945,308,1463,0,0,0,0,2010
78,1400000US22071000601,6.01,532,0,532,0,0,0,0,2010
79,1400000US22071000602,6.02,2872,90,2769,0,13,0,0,2010
80,1400000US22071000603,6.03,1565,102,1069,0,19,0,363,2010
81,1400000US22071000604,6.04,4660,489,4007,9,71,0,58,2010
82,1400000US22071000605,6.05,2087,498,1589,0,0,0,0,2010
83,1400000US22071000606,6.06,4291,1869,2265,42,0,41,0,2010
84,1400000US22071000607,6.07,3190,1944,1111,0,0,0,0,2010
85,1400000US22071000611,6.11,4273,10,3435,0,493,0,335,2010
86,1400000US22071000612,6.12,1368,894,123,15,189,0,111,2010
87,1400000US22071000613,6.13,3814,599,3163,0,38,0,14,2010
88,1400000US22071000615,6.15,4028,915,3019,0,53,0,0,2010
89,1400000US22071000616,6.16,4667,1530,2979,0,158,0,0,2010
90,1400000US22071000617,6.17,3859,397,3270,0,101,0,91,2010
91,1400000US22071000618,6.18,3427,1454,1519,22,252,0,73,2010
92,1400000US22071000701,7.01,359,0,359,0,0,0,0,2010
93,1400000US22071000702,7.02,1156,82,1074,0,0,0,0,2010
94,1400000US22071000800,8,936,15,921,0,0,0,0,2010
95,1400000US22071000901,9.01,249,0,249,0,0,0,0,2010
96,1400000US22071000902,9.02,141,0,141,0,0,0,0,2010
97,1400000US22071000903,9.03,354,0,354,0,0,0,0,2010
98,1400000US22071000904,9.04,610,11,565,0,17,0,0,2010
99,1400000US22071001100,11,1906,709,1147,0,0,0,0,2010
100,1400000US22071001200,12,1394,1086,250,0,0,0,38,2010
101,1400000US22071001301,13.01,1772,311,1374,23,0,0,64,2010
102,1400000US22071001302,13.02,1416,4,1412,0,0,0,0,2010
103,1400000US22071001401,14.01,883,0,883,0,0,0,0,2010
104,1400000US22071001402,14.02,1187,136,1051,0,0,0,0,2010
105,1400000US22071001500,15,810,112,680,0,18,0,0,2010
106,1400000US22071001600,16,0,0,0,0,0,0,0,2010
107,1400000US22071001701,17.01,782,0,782,0,0,0,0,2010
108,1400000US22071001702,17.02,1566,150,1298,0,38,0,0,2010
109,1400000US22071001720,17.20,2227,56,2094,0,0,0,54,2010
110,1400000US22071001722,17.22,3212,15,3177,0,0,0,20,2010
111,1400000US22071001723,17.23,3573,141,3249,42,8,0,20,2010
112,1400000US22071001724,17.24,2615,213,2265,0,57,0,61,2010
113,1400000US22071001725,17.25,4980,63,4688,0,0,0,172,2010
114,1400000US22071001730,17.30,578,29,549,0,0,0,0,2010
115,1400000US22071001734,17.34,557,500,0,17,22,0,0,2010
116,1400000US22071001735,17.35,1167,0,1167,0,0,0,0,2010
117,1400000US22071001736,17.36,1158,0,1158,0,0,0,0,2010
118,1400000US22071001737,17.37,2569,300,2256,13,0,0,0,2010
119,1400000US22071001739,17.39,1619,0,1619,0,0,0,0,2010
120,1400000US22071001740,17.40,2853,71,2464,0,13,0,116,2010
121,1400000US22071001741,17.41,970,144,516,0,310,0,0,2010
122,1400000US22071001743,17.43,803,8,777,0,0,0,0,2010
123,1400000US22071001744,17.44,1546,63,1462,0,0,0,0,2010
124,1400000US22071001745,17.45,2369,135,2029,0,0,0,205,2010
125,1400000US22071001746,17.46,3143,179,2964,0,0,0,0,2010
126,1400000US22071001747,17.47,2569,161,1973,0,435,0,0,2010
127,1400000US22071001748,17.48,3119,225,2721,0,133,0,0,2010
128,1400000US22071001749,17.49,2684,108,918,0,1447,211,0,2010
129,1400000US22071001750,17.50,3089,227,553,152,2050,0,62,2010
130,1400000US22071001751,17.51,203,0,168,0,35,0,0,2010
131,1400000US22071001800,18,1382,1130,97,0,47,0,44,2010
132,1400000US22071001900,19,1415,233,1182,0,0,0,0,2010
133,1400000US22071002000,20,1459,111,1348,0,0,0,0,2010
134,1400000US22071002100,21,527,0,514,0,0,0,0,2010
135,1400000US22071002200,22,957,21,936,0,0,0,0,2010
136,1400000US22071002300,23,1424,18,1406,0,0,0,0,2010
137,1400000US22071002401,24.01,1380,88,1279,13,0,0,0,2010
138,1400000US22071002402,24.02,2512,378,2134,0,0,0,0,2010
139,1400000US22071002501,25.01,774,184,568,0,0,0,0,2010
140,1400000US22071002502,25.02,1727,154,1573,0,0,0,0,2010
141,1400000US22071002503,25.03,1543,346,1191,6,0,0,0,2010
142,1400000US22071002504,25.04,1939,521,1376,0,0,0,16,2010
143,1400000US22071002600,26,1246,1115,121,10,0,0,0,2010
144,1400000US22071002700,27,1609,124,1368,0,21,0,40,2010
145,1400000US22071002800,28,1062,0,1059,0,3,0,0,2010
146,1400000US22071002900,29,1024,18,1006,0,0,0,0,2010
147,1400000US22071003000,30,1498,0,1498,0,0,0,0,2010
148,1400000US22071003100,31,815,50,765,0,0,0,0,2010
149,1400000US22071003301,33.01,1037,635,332,0,0,0,70,2010
150,1400000US22071003302,33.02,2134,166,1734,0,162,0,13,2010
151,1400000US22071003303,33.03,1152,235,789,0,48,0,0,2010
152,1400000US22071003304,33.04,1041,99,877,0,0,0,65,2010
153,1400000US22071003307,33.07,1113,35,1029,49,0,0,0,2010
154,1400000US22071003308,33.08,3061,53,2614,0,132,0,21,2010
155,1400000US22071003400,34,1221,334,887,0,0,0,0,2010
156,1400000US22071003500,35,1042,70,914,0,0,0,0,2010
157,1400000US22071003600,36,1808,122,1475,0,0,0,192,2010
158,1400000US22071003701,37.01,1516,445,1032,0,24,0,0,2010
159,1400000US22071003702,37.02,3386,1487,1801,25,0,0,31,2010
160,1400000US22071003800,38,1406,1266,58,0,27,0,8,2010
161,1400000US22071003900,39,839,354,424,0,16,0,0,2010
162,1400000US22071004000,40,1875,505,1353,0,0,0,5,2010
163,1400000US22071004100,41,1371,1207,164,0,0,0,0,2010
164,1400000US22071004401,44.01,1217,32,1185,0,0,0,0,2010
165,1400000US22071004402,44.02,0,0,0,0,0,0,0,2010
166,1400000US22071004500,45,1956,343,1595,0,18,0,0,2010
167,1400000US22071004600,46,2762,2336,296,0,0,0,0,2010
168,1400000US22071004800,48,1137,13,1035,0,0,0,0,2010
169,1400000US22071004900,49,1545,355,1110,80,0,0,0,2010
170,1400000US22071005000,50,1277,289,722,26,0,0,240,2010
171,1400000US22071005400,54,2394,1771,446,22,0,0,138,2010
172,1400000US22071005500,55,1741,1552,59,0,18,0,101,2010
173,1400000US22071005601,56.01,1266,1163,0,20,0,0,83,2010
174,1400000US22071005602,56.02,1305,1251,31,0,0,0,0,2010
175,1400000US22071005603,56.03,690,634,42,0,14,0,0,2010
176,1400000US22071005604,56.04,867,857,0,0,0,0,10,2010
177,1400000US22071000100,1,2328,1714,561,0,0,0,14,2011
178,1400000US22071000200,2,1342,261,1069,0,0,0,0,2011
179,1400000US22071000300,3,902,69,829,0,0,0,4,2011
180,1400000US22071000400,4,2086,238,1765,0,0,0,0,2011
181,1400000US22071000601,6.01,543,0,543,0,0,0,0,2011
182,1400000US22071000602,6.02,3111,184,2919,0,8,0,0,2011
183,1400000US22071000603,6.03,1539,107,814,0,64,0,521,2011
184,1400000US22071000604,6.04,4988,557,4274,0,33,0,124,2011
185,1400000US22071000605,6.05,2376,804,1528,0,4,0,27,2011
186,1400000US22071000606,6.06,4191,1920,2149,27,0,37,1,2011
187,1400000US22071000607,6.07,3404,2103,1128,0,0,0,0,2011
188,1400000US22071000611,6.11,4411,35,3440,0,482,0,454,2011
189,1400000US22071000612,6.12,1454,1001,186,21,120,0,88,2011
190,1400000US22071000613,6.13,4166,588,3513,0,43,0,22,2011
191,1400000US22071000615,6.15,3954,668,3064,0,180,0,0,2011
192,1400000US22071000616,6.16,4406,1425,2876,0,95,0,0,2011
193,1400000US22071000617,6.17,3632,321,3084,18,104,0,105,2011
194,1400000US22071000618,6.18,3323,1603,1486,11,123,0,29,2011
195,1400000US22071000701,7.01,266,3,263,0,0,0,0,2011
196,1400000US22071000702,7.02,1262,114,1142,0,0,0,0,2011
197,1400000US22071000800,8,1040,21,1013,6,0,0,0,2011
198,1400000US22071000901,9.01,374,0,374,0,0,0,0,2011
199,1400000US22071000902,9.02,408,4,404,0,0,0,0,2011
200,1400000US22071000903,9.03,247,0,247,0,0,0,0,2011
201,1400000US22071000904,9.04,626,28,522,0,40,1,0,2011
202,1400000US22071001100,11,1875,722,1107,0,0,0,0,2011
203,1400000US22071001200,12,1565,1187,306,0,0,0,13,2011
204,1400000US22071001301,13.01,1982,278,1616,30,1,0,57,2011
205,1400000US22071001302,13.02,1191,27,1164,0,0,0,0,2011
206,1400000US22071001401,14.01,870,3,866,1,0,0,0,2011
207,1400000US22071001402,14.02,1344,131,1170,0,0,0,0,2011
208,1400000US22071001500,15,820,172,638,0,1,0,0,2011
209,1400000US22071001600,16,0,0,0,0,0,0,0,2011
210,1400000US22071001701,17.01,1193,4,1189,0,0,0,0,2011
211,1400000US22071001702,17.02,2183,296,1714,0,61,0,0,2011
212,1400000US22071001720,17.20,2819,58,2636,0,11,0,55,2011
213,1400000US22071001722,17.22,3296,71,3180,0,0,31,14,2011
214,1400000US22071001723,17.23,4160,266,3726,24,28,0,15,2011
215,1400000US22071001724,17.24,3440,278,2989,0,109,0,52,2011
216,1400000US22071001725,17.25,5560,78,5214,0,0,0,157,2011
217,1400000US22071001730,17.30,737,59,678,0,0,0,0,2011
218,1400000US22071001734,17.34,529,472,0,9,37,0,0,2011
219,1400000US22071001735,17.35,1413,57,1356,0,0,0,0,2011
220,1400000US22071001736,17.36,1428,79,1323,0,12,0,14,2011
221,1400000US22071001737,17.37,2337,178,2146,13,0,0,0,2011
222,1400000US22071001739,17.39,1730,0,1730,0,0,0,0,2011
223,1400000US22071001740,17.40,3818,80,3315,0,23,0,142,2011
224,1400000US22071001741,17.41,1106,19,900,0,187,0,0,2011
225,1400000US22071001743,17.43,1277,1,1249,0,0,0,0,2011
226,1400000US22071001744,17.44,2125,63,2031,0,0,0,0,2011
227,1400000US22071001745,17.45,3192,164,2798,3,4,0,223,2011
228,1400000US22071001746,17.46,3758,181,3574,0,0,0,0,2011
229,1400000US22071001747,17.47,2842,153,2105,0,584,0,0,2011
230,1400000US22071001748,17.48,3898,223,3313,0,311,0,0,2011
231,1400000US22071001749,17.49,2887,97,1007,0,1604,161,18,2011
232,1400000US22071001750,17.50,3010,237,449,130,2107,0,44,2011
233,1400000US22071001751,17.51,316,28,231,0,46,0,11,2011
234,1400000US22071001800,18,1226,1075,65,0,1,0,46,2011
235,1400000US22071001900,19,1366,309,1051,0,0,0,0,2011
236,1400000US22071002000,20,1433,118,1298,0,0,0,0,2011
237,1400000US22071002100,21,583,20,551,0,0,0,0,2011
238,1400000US22071002200,22,846,48,798,0,0,0,0,2011
239,1400000US22071002300,23,1685,41,1644,0,0,0,0,2011
240,1400000US22071002401,24.01,1746,102,1572,3,0,0,0,2011
241,1400000US22071002402,24.02,2761,235,2526,0,0,0,0,2011
242,1400000US22071002501,25.01,1126,250,854,0,0,0,0,2011
243,1400000US22071002502,25.02,1749,129,1620,0,0,0,0,2011
244,1400000US22071002503,25.03,1711,467,1235,9,0,0,0,2011
245,1400000US22071002504,25.04,2197,529,1566,14,0,0,9,2011
246,1400000US22071002600,26,1322,1178,102,12,30,0,0,2011
247,1400000US22071002700,27,1650,213,1366,0,22,0,29,2011
248,1400000US22071002800,28,1238,5,1222,1,10,0,0,2011
249,1400000US22071002900,29,1557,80,1477,0,0,0,0,2011
250,1400000US22071003000,30,1410,26,1370,9,0,0,0,2011
251,1400000US22071003100,31,786,34,662,0,0,0,0,2011
252,1400000US22071003301,33.01,1094,528,478,0,0,0,88,2011
253,1400000US22071003302,33.02,2832,224,2387,11,120,0,44,2011
254,1400000US22071003303,33.03,1349,250,1006,5,20,0,5,2011
255,1400000US22071003304,33.04,1011,108,862,9,0,0,32,2011
256,1400000US22071003307,33.07,986,26,941,19,0,0,0,2011
257,1400000US22071003308,33.08,2994,152,2623,0,28,0,33,2011
258,1400000US22071003400,34,1032,346,686,0,0,0,0,2011
259,1400000US22071003500,35,1207,47,1110,2,0,0,0,2011
260,1400000US22071003600,36,1947,160,1654,0,0,0,112,2011
261,1400000US22071003701,37.01,1669,387,1248,0,22,0,0,2011
262,1400000US22071003702,37.02,3687,1420,2147,19,0,0,32,2011
263,1400000US22071003800,38,1376,1239,56,0,29,0,11,2011
264,1400000US22071003900,39,1019,380,566,0,16,0,4,2011
265,1400000US22071004000,40,1795,454,1323,9,0,0,4,2011
266,1400000US22071004100,41,1472,1279,173,7,0,0,0,2011
267,1400000US22071004401,44.01,1285,37,1248,0,0,0,0,2011
268,1400000US22071004402,44.02,0,0,0,0,0,0,0,2011
269,1400000US22071004500,45,2068,339,1683,0,46,0,0,2011
270,1400000US22071004600,46,2841,2406,318,0,0,0,2,2011
271,1400000US22071004800,48,1446,0,1366,0,1,0,0,2011
272,1400000US22071004900,49,1615,391,1118,50,0,0,56,2011
273,1400000US22071005000,50,1213,427,541,29,0,0,211,2011
274,1400000US22071005400,54,1897,1451,252,7,0,0,173,2011
275,1400000US22071005500,55,2147,1951,47,0,35,0,107,2011
276,1400000US22071005601,56.01,1696,1439,78,10,46,0,116,2011
277,1400000US22071005602,56.02,1712,1601,86,0,2,0,0,2011
278,1400000US22071005603,56.03,988,911,70,0,7,0,0,2011
279,1400000US22071005604,56.04,1008,991,0,5,0,0,12,2011
280,1400000US22071006000,60,921,191,572,0,157,0,1,2011
281,1400000US22071006300,63,1547,349,1005,0,4,0,179,2011
282,1400000US22071006400,64,2221,1108,989,0,52,0,50,2011
283,1400000US22071006500,65,2315,1181,840,14,36,46,134,2011
284,1400000US22071006900,69,852,0,852,0,0,0,0,2011
285,1400000US22071007000,70,1978,420,1461,0,42,0,0,2011
286,1400000US22071007101,71.01,1283,320,942,0,0,0,9,2011
287,1400000US22071007200,72,2146,115,1903,0,4,0,47,2011
288,1400000US22071007501,75.01,1749,54,1671,0,0,0,24,2011
289,1400000US22071007502,75.02,2451,54,2317,0,0,0,80,2011
290,1400000US22071007604,76.04,1468,1452,0,0,0,0,0,2011
291,1400000US22071007605,76.05,1161,53,1107,0,0,0,0,2011
292,1400000US22071007606,76.06,2481,1994,250,0,114,0,50,2011
293,1400000US22071007700,77,2198,1516,528,0,39,0,31,2011
294,1400000US22071007800,78,1332,1027,152,0,71,0,0,2011
295,1400000US22071008200,82,1435,1167,159,0,0,0,15,2011
296,1400000US22071008300,83,1122,768,276,0,64,0,9,2011
297,1400000US22071008400,84,949,281,592,0,30,0,0,2011
298,1400000US22071008500,85,1152,101,1017,0,0,0,0,2011
299,1400000US22071008600,86,616,12,583,0,0,0,21,2011
300,1400000US22071008800,88,1528,707,696,0,36,0,89,2011
301,1400000US22071009000,90,1963,1801,46,12,76,0,0,2011
302,1400000US22071009100,91,2304,766,1320,60,0,0,158,2011
303,1400000US22071009200,92,1046,14,1028,0,0,0,0,2011
304,1400000US22071009400,94,1422,79,1343,0,0,0,0,2011
305,1400000US22071009600,96,1424,820,597,0,7,0,0,2011
306,1400000US22071009700,97,1534,586,898,0,35,0,12,2011
307,1400000US22071009900,99,3206,2565,418,0,88,0,38,2011
308,1400000US22071010000,100,1785,262,1471,0,0,0,52,2011
309,1400000US22071010100,101,2165,1353,761,1,41,0,0,2011
310,1400000US22071010200,102,1170,151,1012,7,0,0,0,2011
311,1400000US22071010300,103,2229,189,2040,0,0,0,0,2011
312,1400000US22071010600,106,1279,633,581,3,0,0,0,2011
313,1400000US22071010700,107,1637,1316,234,0,14,0,14,2011
314,1400000US22071010800,108,1312,1228,49,35,0,0,0,2011
315,1400000US22071010900,109,3096,1703,1223,142,18,0,10,2011
316,1400000US22071011100,111,1865,387,1459,0,0,0,19,2011
317,1400000US22071011200,112,1109,663,319,34,31,0,40,2011
318,1400000US22071011400,114,1695,1567,85,0,0,15,8,2011
319,1400000US22071011500,115,1478,1249,83,6,84,0,7,2011
320,1400000US22071011600,116,1349,1276,31,0,13,8,13,2011
321,1400000US22071011700,117,2396,2315,0,0,22,0,0,2011
322,1400000US22071011900,119,1879,1785,18,0,64,0,12,2011
323,1400000US22071012000,120,1432,1305,95,12,14,0,6,2011
324,1400000US22071012101,121.01,2746,2361,93,0,239,0,0,2011
325,1400000US22071012102,121.02,3832,2902,561,0,177,0,0,2011
326,1400000US22071012200,122,1845,1314,224,5,189,0,51,2011
327,1400000US22071012300,123,1516,882,617,6,0,0,11,2011
328,1400000US22071012400,124,1915,899,898,0,5,0,88,2011
329,1400000US22071012500,125,1566,1050,452,0,36,0,0,2011
330,1400000US22071012600,126,1890,1503,192,0,169,0,0,2011
331,1400000US22071012700,127,2607,1555,994,0,0,0,41,2011
332,1400000US22071012800,128,2341,1628,470,0,131,0,99,2011
333,1400000US22071012900,129,1397,909,375,0,67,0,8,2011
334,1400000US22071013000,130,1636,567,1038,0,0,0,31,2011
335,1400000US22071013100,131,1626,106,1520,0,0,0,0,2011
336,1400000US22071013200,132,2294,747,1360,0,0,0,187,2011
337,1400000US22071013301,133.01,3251,3135,1,0,61,0,0,2011
338,1400000US22071013302,133.02,1798,1406,306,0,51,0,35,2011
339,1400000US22071013400,134,1661,975,394,0,158,0,66,2011
340,1400000US22071013500,135,1962,1777,39,7,78,0,6,2011
341,1400000US22071013600,136,1154,383,759,6,0,0,0,2011
342,1400000US22071013700,137,1525,84,1441,0,0,0,0,2011
343,1400000US22071013800,138,1131,56,1074,0,1,0,0,2011
344,1400000US22071013900,139,1241,700,379,28,74,0,54,2011
345,1400000US22071014000,140,1777,85,1692,0,0,0,0,2011
346,1400000US22071014100,141,1631,317,1279,0,19,0,5,2011
347,1400000US22071014200,142,1615,827,762,0,26,0,0,2011
348,1400000US22071014300,143,799,3,786,0,0,0,0,2011
349,1400000US22071014400,144,1893,811,704,96,0,0,124,2011
350,1400000US22071014500,145,2211,428,1736,6,0,7,0,2011
351,1400000US22071980000,9800,11,10,0,0,1,0,0,2011
352,1400000US22071980100,9801,0,0,0,0,0,0,0,2011
353,1400000US22071990000,9900,0,0,0,0,0,0,0,2011
354,1400000US22071000100,1,2391,1807,408,0,0,0,111,2012
355,1400000US22071000200,2,1217,223,977,0,0,0,0,2012
356,1400000US22071000300,3,1205,101,1100,0,0,0,4,2012
357,1400000US22071000400,4,2207,298,1826,0,0,0,0,2012
358,1400000US22071000601,6.01,781,0,781,0,0,0,0,2012
359,1400000US22071000602,6.02,3147,175,2960,5,7,0,0,2012
360,1400000US22071000603,6.03,1444,108,831,0,64,0,413,2012
361,1400000US22071000604,6.04,4801,520,4097,0,46,0,103,2012
362,1400000US22071000605,6.05,2339,879,1418,0,3,0,25,2012
363,1400000US22071000606,6.06,4329,1889,2159,22,131,53,1,2012
364,1400000US22071000607,6.07,3679,2090,1454,0,0,0,0,2012
365,1400000US22071000611,6.11,4038,47,3092,0,576,0,323,2012
366,1400000US22071000612,6.12,1713,1093,421,14,54,0,103,2012
367,1400000US22071000613,6.13,4511,578,3870,0,42,0,21,2012
368,1400000US22071000615,6.15,3350,965,2251,5,86,0,0,2012
369,1400000US22071000616,6.16,4474,1463,2976,0,23,0,0,2012
370,1400000US22071000617,6.17,3761,520,3034,17,100,0,90,2012
371,1400000US22071000618,6.18,3818,1651,1858,15,120,0,55,2012
372,1400000US22071000701,7.01,332,15,317,0,0,0,0,2012
373,1400000US22071000702,7.02,1465,116,1341,4,0,0,0,2012
374,1400000US22071000800,8,1015,35,951,6,0,0,0,2012
375,1400000US22071000901,9.01,466,0,466,0,0,0,0,2012
376,1400000US22071000902,9.02,258,3,255,0,0,0,0,2012
377,1400000US22071000903,9.03,307,0,307,0,0,0,0,2012
378,1400000US22071000904,9.04,637,12,593,0,18,1,0,2012
379,1400000US22071001100,11,1783,851,877,5,0,0,17,2012
380,1400000US22071001200,12,1494,1125,288,0,0,0,8,2012
381,1400000US22071001301,13.01,1807,228,1501,14,2,0,57,2012
382,1400000US22071001302,13.02,1014,58,951,0,5,0,0,2012
383,1400000US22071001401,14.01,1105,11,1037,1,0,0,56,2012
384,1400000US22071001402,14.02,1403,118,1213,0,0,0,0,2012
385,1400000US22071001500,15,879,139,733,0,1,0,0,2012
386,1400000US22071001600,16,0,0,0,0,0,0,0,2012
387,1400000US22071001701,17.01,1367,3,1355,0,0,0,0,2012
388,1400000US22071001702,17.02,2744,450,2125,0,57,0,0,2012
389,1400000US22071001720,17.20,2960,60,2814,0,10,0,14,2012
390,1400000US22071001722,17.22,3479,61,3346,0,0,22,23,2012
391,1400000US22071001723,17.23,4970,196,4590,17,3,0,14,2012
392,1400000US22071001724,17.24,4214,295,3630,0,213,0,48,2012
393,1400000US22071001725,17.25,5763,127,5463,0,0,0,159,2012
394,1400000US22071001730,17.30,768,44,724,0,0,0,0,2012
395,1400000US22071001734,17.34,634,553,0,7,44,0,12,2012
396,1400000US22071001735,17.35,1547,67,1480,0,0,0,0,2012
397,1400000US22071001736,17.36,1599,97,1478,0,11,0,13,2012
398,1400000US22071001737,17.37,2708,184,2515,9,0,0,0,2012
399,1400000US22071001739,17.39,1731,0,1731,0,0,0,0,2012
400,1400000US22071001740,17.40,3973,73,3583,0,24,0,122,2012
401,1400000US22071001741,17.41,1274,35,858,0,381,0,0,2012
402,1400000US22071001743,17.43,1778,32,1721,0,0,0,8,2012
403,1400000US22071001744,17.44,3151,98,3034,0,0,0,0,2012
404,1400000US22071001745,17.45,3326,178,2973,6,2,0,167,2012
405,1400000US22071001746,17.46,3961,82,3868,0,0,0,0,2012
406,1400000US22071001747,17.47,3478,92,2676,0,710,0,0,2012
407,1400000US22071001748,17.48,3911,249,3304,0,356,0,2,2012
408,1400000US22071001749,17.49,2953,89,1133,12,1428,182,104,2012
409,1400000US22071001750,17.50,3101,319,468,129,2071,0,59,2012
410,1400000US22071001751,17.51,373,70,269,1,0,0,33,2012
411,1400000US22071001800,18,1304,1125,57,0,1,0,76,2012
412,1400000US22071001900,19,1308,348,922,0,0,0,32,2012
413,1400000US22071002000,20,1623,110,1480,0,0,0,0,2012
414,1400000US22071002100,21,575,32,530,0,0,0,0,2012
415,1400000US22071002200,22,770,23,747,0,0,0,0,2012
416,1400000US22071002300,23,1809,57,1748,0,0,0,0,2012
417,1400000US22071002401,24.01,1789,112,1578,8,0,0,32,2012
418,1400000US22071002402,24.02,2791,201,2547,0,0,0,0,2012
419,1400000US22071002501,25.01,1309,297,982,0,0,0,0,2012
420,1400000US22071002502,25.02,2219,138,2081,0,0,0,0,2012
421,1400000US22071002503,25.03,1963,507,1444,0,0,0,12,2012
422,1400000US22071002504,25.04,2381,474,1810,15,0,0,10,2012
423,1400000US22071002600,26,1381,1192,95,11,83,0,0,2012
424,1400000US22071002700,27,1691,229,1382,0,22,0,37,2012
425,1400000US22071002800,28,1410,8,1390,1,11,0,0,2012
426,1400000US22071002900,29,1205,108,1097,0,0,0,0,2012
427,1400000US22071003000,30,1198,26,1157,10,0,0,0,2012
428,1400000US22071003100,31,919,25,816,0,0,0,9,2012
429,1400000US22071003301,33.01,1469,745,648,0,0,0,76,2012
430,1400000US22071003302,33.02,3247,125,2881,12,133,0,32,2012
431,1400000US22071003303,33.03,1549,252,1200,5,47,0,25,2012
432,1400000US22071003304,33.04,1315,138,1166,8,0,0,0,2012
433,1400000US22071003307,33.07,1196,18,1066,14,0,0,98,2012
434,1400000US22071003308,33.08,3358,215,2784,0,12,0,198,2012
435,1400000US22071003400,34,1114,309,794,0,0,0,11,2012
436,1400000US22071003500,35,1232,146,1072,2,0,0,0,2012
437,1400000US22071003600,36,1936,175,1665,0,0,0,70,2012
438,1400000US22071003701,37.01,1748,388,1299,4,48,0,0,2012
439,1400000US22071003702,37.02,3529,1217,2180,22,1,0,55,2012
440,1400000US22071003800,38,1455,1359,34,0,9,0,11,2012
441,1400000US22071003900,39,1116,424,618,0,12,0,4,2012
442,1400000US22071004000,40,1770,442,1286,7,0,0,30,2012
443,1400000US22071004100,41,1464,1258,187,6,0,0,0,2012
444,1400000US22071004401,44.01,1394,64,1321,0,0,0,9,2012
445,1400000US22071004402,44.02,0,0,0,0,0,0,0,2012
446,1400000US22071004500,45,1898,479,1345,0,37,0,25,2012
447,1400000US22071004600,46,2956,2451,367,26,0,0,0,2012
448,1400000US22071004800,48,1404,0,1319,0,1,0,0,2012
449,1400000US22071004900,49,1680,367,1211,47,0,0,55,2012
450,1400000US22071005000,50,1634,559,704,135,0,0,231,2012
451,1400000US22071005400,54,1798,1297,309,7,0,0,168,2012
452,1400000US22071005500,55,2475,2138,191,0,35,0,103,2012
453,1400000US22071005601,56.01,1869,1588,63,8,85,0,119,2012
454,1400000US22071005602,56.02,1941,1841,78,0,1,0,0,2012
455,1400000US22071005603,56.03,1365,1255,101,0,9,0,0,2012
456,1400000US22071005604,56.04,1182,1169,0,4,9,0,0,2012
457,1400000US22071006000,60,1189,215,769,0,204,0,1,2012
458,1400000US22071006300,63,1683,448,1050,0,3,0,151,2012
459,1400000US22071006400,64,2268,918,1234,0,27,0,29,2012
460,1400000US22071006500,65,2569,1398,844,17,32,53,116,2012
461,1400000US22071006900,69,720,0,720,0,0,0,0,2012
462,1400000US22071007000,70,1969,474,1424,0,38,0,0,2012
463,1400000US22071007101,71.01,1504,396,1083,0,0,0,7,2012
464,1400000US22071007200,72,2294,130,2073,0,3,0,21,2012
465,1400000US22071007501,75.01,2131,59,2044,0,0,0,28,2012
466,1400000US22071007502,75.02,2786,0,2786,0,0,0,0,2012
467,1400000US22071007604,76.04,1585,1529,0,0,42,0,0,2012
468,1400000US22071007605,76.05,1154,107,1047,0,0,0,0,2012
469,1400000US22071007606,76.06,3073,2526,305,0,109,0,46,2012
470,1400000US22071007700,77,2457,1772,507,0,34,0,11,2012
471,1400000US22071007800,78,1404,1030,212,0,62,0,7,2012
472,1400000US22071008200,82,1474,1188,170,0,0,0,30,2012
473,1400000US22071008300,83,1253,881,319,0,32,0,18,2012
474,1400000US22071008400,84,1204,319,806,0,45,0,7,2012
475,1400000US22071008500,85,1185,58,1089,0,0,0,0,2012
476,1400000US22071008600,86,657,13,626,0,0,0,18,2012
477,1400000US22071008800,88,1551,832,690,0,22,0,0,2012
478,1400000US22071009000,90,1837,1620,54,13,65,0,12,2012
479,1400000US22071009100,91,2422,756,1449,67,0,0,150,2012
480,1400000US22071009200,92,1102,23,1052,0,0,0,11,2012
481,1400000US22071009400,94,1144,85,1059,0,0,0,0,2012
482,1400000US22071009600,96,1456,968,478,0,7,0,0,2012
483,1400000US22071009700,97,1632,634,786,0,56,0,136,2012
484,1400000US22071009900,99,3067,2556,347,0,88,3,39,2012
485,1400000US22071010000,100,1899,285,1593,0,0,0,21,2012
486,1400000US22071010100,101,2359,1488,828,1,36,0,0,2012
487,1400000US22071010200,102,1419,201,1206,7,1,0,0,2012
488,1400000US22071010300,103,2509,225,2213,9,0,0,0,2012
489,1400000US22071010600,106,1268,732,469,0,0,0,0,2012
490,1400000US22071010700,107,1594,1284,246,0,46,0,18,2012
491,1400000US22071010800,108,1494,1446,17,31,0,0,0,2012
492,1400000US22071010900,109,3412,1793,1428,150,29,0,12,2012
493,1400000US22071011100,111,1652,341,1281,0,0,0,28,2012
494,1400000US22071011200,112,1243,731,427,25,21,0,24,2012
495,1400000US22071011400,114,1714,1522,113,0,61,0,9,2012
496,1400000US22071011500,115,1349,1151,73,7,99,0,0,2012
497,1400000US22071011600,116,1388,1301,20,0,23,8,11,2012
498,1400000US22071011700,117,2546,2445,0,0,38,0,0,2012
499,1400000US22071011900,119,2041,1918,41,0,57,0,21,2012
500,1400000US22071012000,120,1454,1331,100,13,4,0,6,2012
501,1400000US22071012101,121.01,3067,2501,194,0,295,0,5,2012
502,1400000US22071012102,121.02,4133,3210,540,19,137,0,30,2012
503,1400000US22071012200,122,2088,1548,243,3,214,0,38,2012
504,1400000US22071012300,123,1778,809,928,7,0,0,19,2012
505,1400000US22071012400,124,2033,984,1017,0,6,0,9,2012
506,1400000US22071012500,125,1492,1001,386,5,65,0,0,2012
507,1400000US22071012600,126,1989,1692,79,7,185,0,0,2012
508,1400000US22071012700,127,2641,1565,1036,0,0,0,7,2012
509,1400000US22071012800,128,2538,1604,686,15,100,0,125,2012
510,1400000US22071012900,129,1460,1016,294,0,89,0,28,2012
511,1400000US22071013000,130,1594,626,959,0,0,0,9,2012
512,1400000US22071013100,131,1591,166,1419,0,0,0,0,2012
513,1400000US22071013200,132,2323,741,1581,0,0,0,1,2012
514,1400000US22071013301,133.01,3493,3373,26,0,62,0,0,2012
515,1400000US22071013302,133.02,1968,1371,382,0,127,0,69,2012
516,1400000US22071013400,134,1900,1204,392,0,166,0,49,2012
517,1400000US22071013500,135,2073,1897,42,10,60,0,10,2012
518,1400000US22071013600,136,1028,415,609,0,0,0,0,2012
519,1400000US22071013700,137,1823,55,1768,0,0,0,0,2012
520,1400000US22071013800,138,1203,61,1142,0,0,0,0,2012
521,1400000US22071013900,139,1352,696,555,21,29,0,42,2012
522,1400000US22071014000,140,1435,81,1342,4,0,0,0,2012
523,1400000US22071014100,141,1764,451,1299,0,0,0,7,2012
524,1400000US22071014200,142,1627,896,705,0,26,0,0,2012
525,1400000US22071014300,143,1050,22,1017,0,1,0,0,2012
526,1400000US22071014400,144,1921,822,748,21,0,0,131,2012
527,1400000US22071014500,145,2247,444,1748,9,11,0,18,2012
528,1400000US22071980000,9800,13,11,1,0,1,0,0,2012
529,1400000US22071980100,9801,0,0,0,0,0,0,0,2012
530,1400000US22071990000,9900,0,0,0,0,0,0,0,2012
531,1400000US22071002504,25.04,2207,546,1553,9,7,0,8,2013
532,1400000US22071002600,26,1273,1048,147,0,78,0,0,2013
533,1400000US22071002700,27,1669,282,1298,0,27,0,56,2013
534,1400000US22071002800,28,1614,7,1596,1,10,0,0,2013
535,1400000US22071002900,29,1408,85,1323,0,0,0,0,2013
536,1400000US22071003000,30,1241,41,1170,9,0,0,0,2013
537,1400000US22071003100,31,976,23,842,0,0,0,16,2013
538,1400000US22071003301,33.01,1922,854,932,0,49,0,87,2013
539,1400000US22071003302,33.02,3444,213,3034,15,134,0,21,2013
540,1400000US22071003303,33.03,1894,392,1392,13,26,0,40,2013
541,1400000US22071003304,33.04,1468,174,1286,4,0,0,0,2013
542,1400000US22071003307,33.07,1337,11,1279,0,0,0,47,2013
543,1400000US22071003308,33.08,3551,187,2976,0,20,0,249,2013
544,1400000US22071003400,34,1171,310,816,0,0,14,4,2013
545,1400000US22071003500,35,1202,131,1055,2,0,0,0,2013
546,1400000US22071003600,36,1986,209,1671,0,0,0,68,2013
547,1400000US22071003701,37.01,2325,639,1632,4,41,0,0,2013
548,1400000US22071003702,37.02,3454,911,2378,19,29,0,62,2013
549,1400000US22071003800,38,1336,1253,45,0,7,0,0,2013
550,1400000US22071003900,39,1218,432,695,0,22,0,11,2013
551,1400000US22071004000,40,1672,387,1250,5,0,0,30,2013
552,1400000US22071004100,41,1571,1312,191,7,9,0,36,2013
553,1400000US22071004401,44.01,1262,72,1184,0,0,0,6,2013
554,1400000US22071004402,44.02,64,0,64,0,0,0,0,2013
555,1400000US22071004500,45,2093,522,1454,0,42,0,53,2013
556,1400000US22071004600,46,2890,2583,199,26,0,0,21,2013
557,1400000US22071004800,48,1376,1,1292,0,1,0,0,2013
558,1400000US22071004900,49,1645,236,1313,32,0,0,64,2013
559,1400000US22071005000,50,1582,590,620,165,0,0,202,2013
560,1400000US22071005400,54,1822,1361,390,7,0,0,45,2013
561,1400000US22071005500,55,2448,2130,139,0,32,0,136,2013
562,1400000US22071005601,56.01,2064,1738,65,0,105,0,146,2013
563,1400000US22071005602,56.02,2231,2125,82,1,0,0,0,2013
564,1400000US22071005603,56.03,1460,1373,77,0,10,0,0,2013
565,1400000US22071005604,56.04,1359,1336,0,4,19,0,0,2013
566,1400000US22071006000,60,1601,244,1150,0,174,0,33,2013
567,1400000US22071006300,63,1848,498,1132,0,3,0,194,2013
568,1400000US22071006400,64,2434,1154,1136,0,48,0,56,2013
569,1400000US22071006500,65,2620,1500,740,10,38,37,209,2013
570,1400000US22071006900,69,780,8,772,0,0,0,0,2013
571,1400000US22071007000,70,1914,407,1424,0,41,0,0,2013
572,1400000US22071007101,71.01,1922,508,1353,0,10,0,16,2013
573,1400000US22071007200,72,2019,83,1823,0,19,0,26,2013
574,1400000US22071007501,75.01,2424,31,2362,0,0,0,31,2013
575,1400000US22071007502,75.02,2496,0,2437,0,59,0,0,2013
576,1400000US22071007604,76.04,1725,1627,52,0,30,0,0,2013
577,1400000US22071007605,76.05,1366,149,1210,0,0,0,0,2013
578,1400000US22071007606,76.06,3590,2821,427,0,114,0,42,2013
579,1400000US22071007700,77,2528,1802,572,0,0,0,20,2013
580,1400000US22071007800,78,1409,1153,67,0,59,0,46,2013
581,1400000US22071008200,82,1529,1259,169,0,10,0,20,2013
582,1400000US22071008300,83,1249,970,235,0,31,0,8,2013
583,1400000US22071008400,84,1336,487,763,0,41,0,6,2013
584,1400000US22071008500,85,1345,28,1133,0,151,0,0,2013
585,1400000US22071008600,86,771,38,685,0,20,0,28,2013
586,1400000US22071008800,88,1737,1044,614,0,18,0,0,2013
587,1400000US22071009000,90,1904,1689,54,12,70,0,10,2013
588,1400000US22071009100,91,2623,765,1566,64,37,0,191,2013
589,1400000US22071009200,92,1173,21,1128,0,0,0,12,2013
590,1400000US22071009400,94,1201,68,1133,0,0,0,0,2013
591,1400000US22071009600,96,1675,1144,505,0,10,0,0,2013
592,1400000US22071009700,97,1602,641,745,0,63,0,113,2013
593,1400000US22071009900,99,3218,2684,381,0,101,3,0,2013
594,1400000US22071010000,100,1843,324,1492,0,6,0,21,2013
595,1400000US22071010100,101,2120,1553,511,18,31,0,0,2013
596,1400000US22071010200,102,1514,189,1294,9,1,0,0,2013
597,1400000US22071010300,103,2463,256,2134,7,0,0,16,2013
598,1400000US22071010600,106,1232,680,418,0,0,0,7,2013
599,1400000US22071010700,107,1664,1276,252,0,56,0,6,2013
600,1400000US22071010800,108,1411,1318,63,30,0,0,0,2013
601,1400000US22071010900,109,3483,1848,1406,158,33,0,13,2013
602,1400000US22071011100,111,1673,374,1218,30,0,0,34,2013
603,1400000US22071011200,112,1500,902,449,20,38,0,68,2013
604,1400000US22071011400,114,1825,1623,108,0,58,0,9,2013
605,1400000US22071011500,115,1315,1195,77,8,11,0,0,2013
606,1400000US22071011600,116,1520,1417,28,0,40,11,0,2013
607,1400000US22071011700,117,2618,2489,0,0,54,0,0,2013
608,1400000US22071011900,119,1727,1595,53,0,55,0,19,2013
609,1400000US22071012000,120,1485,1358,103,15,2,0,7,2013
610,1400000US22071012101,121.01,2983,2373,210,0,303,0,5,2013
611,1400000US22071012102,121.02,4087,3145,558,13,147,0,27,2013
612,1400000US22071012200,122,2128,1637,205,1,220,0,48,2013
613,1400000US22071012300,123,1956,964,868,0,0,0,29,2013
614,1400000US22071012400,124,1827,868,929,0,5,0,13,2013
615,1400000US22071012500,125,1539,1009,369,6,124,0,0,2013
616,1400000US22071012600,126,1910,1586,126,8,158,0,0,2013
617,1400000US22071012700,127,2238,1565,636,0,0,0,8,2013
618,1400000US22071012800,128,2333,1634,483,16,141,0,26,2013
619,1400000US22071012900,129,1361,867,384,0,61,0,16,2013
620,1400000US22071013000,130,1812,759,1044,0,0,0,9,2013
621,1400000US22071013100,131,1438,205,1228,0,0,0,0,2013
622,1400000US22071013200,132,2272,923,1314,0,0,0,35,2013
623,1400000US22071013301,133.01,3755,3557,62,0,70,0,33,2013
624,1400000US22071013302,133.02,2124,1432,449,0,163,0,62,2013
625,1400000US22071013400,134,2159,1241,569,0,214,0,45,2013
626,1400000US22071013500,135,2266,2055,65,13,74,0,12,2013
627,1400000US22071013600,136,1029,461,562,0,0,0,0,2013
628,1400000US22071013700,137,2184,93,2086,0,0,0,0,2013
629,1400000US22071013800,138,1535,66,1460,0,0,0,9,2013
630,1400000US22071013900,139,1692,774,721,22,47,0,123,2013
631,1400000US22071014000,140,1793,173,1598,5,0,0,0,2013
632,1400000US22071014100,141,1915,742,1148,0,0,0,13,2013
633,1400000US22071014200,142,1564,932,613,0,19,0,0,2013
634,1400000US22071014300,143,1407,73,1322,0,1,0,0,2013
635,1400000US22071014400,144,2077,875,838,47,0,0,114,2013
636,1400000US22071014500,145,1852,486,1344,0,0,0,4,2013
637,1400000US22071980000,9800,3,1,1,0,1,0,0,2013
638,1400000US22071980100,9801,0,0,0,0,0,0,0,2013
639,1400000US22071990000,9900,0,0,0,0,0,0,0,2013
640,1400000US22071000100,1,2632,2047,379,0,0,0,116,2013
641,1400000US22071000200,2,1233,271,915,0,0,0,11,2013
642,1400000US22071000300,3,1014,105,905,0,0,0,4,2013
643,1400000US22071000400,4,2189,346,1770,0,0,0,0,2013
644,1400000US22071000601,6.01,918,0,918,0,0,0,0,2013
645,1400000US22071000602,6.02,3057,214,2814,6,17,0,6,2013
646,1400000US22071000603,6.03,1390,57,850,22,76,0,345,2013
647,1400000US22071000604,6.04,4982,498,4317,0,40,0,80,2013
648,1400000US22071000605,6.05,2099,765,1325,0,3,0,6,2013
649,1400000US22071000606,6.06,4207,1735,2250,6,121,0,14,2013
650,1400000US22071000607,6.07,3958,2238,1694,0,0,0,0,2013
651,1400000US22071000611,6.11,4308,61,3323,0,626,0,298,2013
652,1400000US22071000612,6.12,1797,1042,474,24,80,0,110,2013
653,1400000US22071000613,6.13,4796,570,4187,0,19,0,0,2013
654,1400000US22071000615,6.15,3793,1023,2625,6,130,0,0,2013
655,1400000US22071000616,6.16,4485,1619,2803,0,29,0,9,2013
656,1400000US22071000617,6.17,3887,510,3254,18,30,0,75,2013
657,1400000US22071000618,6.18,3790,1466,1997,37,143,0,65,2013
658,1400000US22071000701,7.01,527,16,511,0,0,0,0,2013
659,1400000US22071000702,7.02,1644,112,1522,4,0,0,0,2013
660,1400000US22071000800,8,1201,49,1115,7,0,0,0,2013
661,1400000US22071000901,9.01,647,0,647,0,0,0,0,2013
662,1400000US22071000902,9.02,428,2,426,0,0,0,0,2013
663,1400000US22071000903,9.03,320,0,320,0,0,0,0,2013
664,1400000US22071000904,9.04,786,12,726,0,16,0,19,2013
665,1400000US22071001100,11,1700,982,623,7,5,0,46,2013
666,1400000US22071001200,12,1554,1254,210,0,0,0,0,2013
667,1400000US22071001301,13.01,1654,334,1301,8,3,0,0,2013
668,1400000US22071001302,13.02,946,43,896,0,7,0,0,2013
669,1400000US22071001401,14.01,1146,11,1079,0,0,0,56,2013
670,1400000US22071001402,14.02,1717,152,1469,0,0,0,0,2013
671,1400000US22071001500,15,853,127,709,0,0,0,10,2013
672,1400000US22071001600,16,0,0,0,0,0,0,0,2013
673,1400000US22071001701,17.01,1610,8,1592,0,0,0,0,2013
674,1400000US22071001702,17.02,2561,492,2006,0,63,0,0,2013
675,1400000US22071001720,17.20,3182,32,3059,0,20,0,13,2013
676,1400000US22071001722,17.22,3881,100,3568,0,0,22,158,2013
677,1400000US22071001723,17.23,5045,245,4629,0,0,0,16,2013
678,1400000US22071001724,17.24,4276,302,3746,0,147,0,49,2013
679,1400000US22071001725,17.25,6504,138,6067,0,0,0,250,2013
680,1400000US22071001730,17.30,773,25,735,0,0,0,0,2013
681,1400000US22071001734,17.34,677,554,0,8,52,0,13,2013
682,1400000US22071001735,17.35,1896,59,1827,0,0,0,0,2013
683,1400000US22071001736,17.36,1625,87,1513,0,14,0,11,2013
684,1400000US22071001737,17.37,2828,185,2629,9,5,0,0,2013
685,1400000US22071001739,17.39,1556,12,1544,0,0,0,0,2013
686,1400000US22071001740,17.40,4521,63,4119,0,24,0,183,2013
687,1400000US22071001741,17.41,1489,49,875,0,546,0,0,2013
688,1400000US22071001743,17.43,2068,41,2000,0,0,0,12,2013
689,1400000US22071001744,17.44,3587,79,3475,0,0,0,0,2013
690,1400000US22071001745,17.45,3773,170,3404,5,2,0,153,2013
691,1400000US22071001746,17.46,3970,87,3869,0,0,0,0,2013
692,1400000US22071001747,17.47,3595,15,2769,0,789,0,22,2013
693,1400000US22071001748,17.48,4530,174,4083,0,271,0,2,2013
694,1400000US22071001749,17.49,3079,150,1019,14,1623,162,98,2013
695,1400000US22071001750,17.50,3443,514,854,221,1723,0,75,2013
696,1400000US22071001751,17.51,678,142,465,6,0,0,65,2013
697,1400000US22071001800,18,1442,1278,72,18,1,0,45,2013
698,1400000US22071001900,19,1311,374,905,0,0,0,25,2013
699,1400000US22071002000,20,1026,147,843,0,0,0,0,2013
700,1400000US22071002100,21,699,27,660,0,0,0,0,2013
701,1400000US22071002200,22,757,28,729,0,0,0,0,2013
702,1400000US22071002300,23,1682,122,1532,0,0,0,0,2013
703,1400000US22071002401,24.01,1772,155,1513,10,0,0,29,2013
704,1400000US22071002402,24.02,2789,334,2432,0,0,0,0,2013
705,1400000US22071002501,25.01,1660,314,1313,0,0,0,0,2013
706,1400000US22071002502,25.02,2004,74,1909,0,0,0,0,2013
707,1400000US22071002503,25.03,2160,620,1517,0,0,0,15,2013
708,1400000US22071009700,97,1666,679,747,0,82,0,120,2014
709,1400000US22071009900,99,3080,2559,390,0,58,1,10,2014
710,1400000US22071010000,100,1911,374,1507,0,7,0,23,2014
711,1400000US22071010100,101,1887,1414,415,13,35,0,0,2014
712,1400000US22071010200,102,1478,203,1232,5,1,0,0,2014
713,1400000US22071010300,103,2867,279,2505,13,0,0,4,2014
714,1400000US22071010600,106,1299,764,430,0,0,0,5,2014
715,1400000US22071010700,107,1691,1266,288,0,42,0,5,2014
716,1400000US22071010800,108,1320,1165,81,18,40,0,16,2014
717,1400000US22071010900,109,3507,1944,1447,0,88,0,7,2014
718,1400000US22071011100,111,1484,416,967,27,0,0,31,2014
719,1400000US22071011200,112,1580,919,470,6,81,0,33,2014
720,1400000US22071011400,114,1833,1749,36,0,19,0,8,2014
721,1400000US22071011500,115,1347,1245,69,0,13,0,0,2014
722,1400000US22071011600,116,1442,1285,42,0,68,8,0,2014
723,1400000US22071011700,117,2505,2389,14,0,38,0,0,2014
724,1400000US22071011900,119,1882,1700,116,0,46,0,8,2014
725,1400000US22071012000,120,1519,1325,112,14,20,0,15,2014
726,1400000US22071012101,121.01,3348,2721,186,0,241,21,5,2014
727,1400000US22071012102,121.02,4174,3086,616,11,172,0,34,2014
728,1400000US22071012200,122,2326,1942,228,25,31,0,59,2014
729,1400000US22071012300,123,2023,989,933,0,0,0,31,2014
730,1400000US22071012400,124,1750,910,794,0,8,0,14,2014
731,1400000US22071012500,125,1522,1048,290,4,162,0,0,2014
732,1400000US22071012600,126,1880,1577,134,8,99,0,7,2014
733,1400000US22071012700,127,2224,1644,547,9,0,0,12,2014
734,1400000US22071012800,128,2340,1647,442,12,132,0,26,2014
735,1400000US22071012900,129,1410,862,393,0,75,0,59,2014
736,1400000US22071013000,130,1842,784,1038,0,7,0,13,2014
737,1400000US22071013100,131,1467,280,1162,0,0,0,11,2014
738,1400000US22071013200,132,2600,1301,1227,0,0,0,11,2014
739,1400000US22071013301,133.01,3604,3347,68,0,148,0,41,2014
740,1400000US22071013302,133.02,2182,1396,531,0,210,0,26,2014
741,1400000US22071013400,134,2294,1382,556,0,279,0,18,2014
742,1400000US22071013500,135,2097,1960,52,15,70,0,0,2014
743,1400000US22071013600,136,1036,482,537,0,11,0,0,2014
744,1400000US22071013700,137,2281,79,2185,0,0,0,12,2014
745,1400000US22071013800,138,2021,70,1930,0,0,0,12,2014
746,1400000US22071013900,139,1595,696,700,24,71,0,99,2014
747,1400000US22071014000,140,1608,129,1454,6,0,0,0,2014
748,1400000US22071014100,141,2119,877,1211,0,24,0,0,2014
749,1400000US22071014200,142,1738,1125,554,6,53,0,0,2014
750,1400000US22071014300,143,1704,182,1509,0,1,0,0,2014
751,1400000US22071014400,144,1980,831,767,44,0,0,124,2014
752,1400000US22071014500,145,1494,276,1194,0,0,0,4,2014
753,1400000US22071980000,9800,4,1,1,0,2,0,0,2014
754,1400000US22071980100,9801,0,0,0,0,0,0,0,2014
755,1400000US22071990000,9900,0,0,0,0,0,0,0,2014
756,1400000US22071000100,1,2670,1937,490,0,0,0,106,2014
757,1400000US22071000200,2,1213,279,888,0,0,0,11,2014
758,1400000US22071000300,3,1106,125,976,0,0,0,5,2014
759,1400000US22071000400,4,2460,300,2102,0,23,0,0,2014
760,1400000US22071000601,6.01,937,0,937,0,0,0,0,2014
761,1400000US22071000602,6.02,2960,225,2687,4,18,0,19,2014
762,1400000US22071000603,6.03,1162,80,833,14,112,0,116,2014
763,1400000US22071000604,6.04,4703,688,3915,0,40,0,9,2014
764,1400000US22071000605,6.05,2152,741,1399,0,0,0,12,2014
765,1400000US22071000606,6.06,4555,1917,2399,0,100,0,13,2014
766,1400000US22071000607,6.07,4529,2432,2042,0,0,0,0,2014
767,1400000US22071000611,6.11,4367,126,3362,0,507,0,372,2014
768,1400000US22071000612,6.12,1528,895,336,27,114,0,81,2014
769,1400000US22071000613,6.13,4950,436,4471,0,9,0,21,2014
770,1400000US22071000615,6.15,3508,979,2310,6,204,0,0,2014
771,1400000US22071000616,6.16,4200,1523,2590,0,35,0,9,2014
772,1400000US22071000617,6.17,3734,605,3089,20,20,0,0,2014
773,1400000US22071000618,6.18,3924,1492,2067,30,121,0,71,2014
774,1400000US22071000701,7.01,571,18,553,0,0,0,0,2014
775,1400000US22071000702,7.02,1705,130,1541,4,0,0,21,2014
776,1400000US22071000800,8,1349,121,1182,7,18,0,0,2014
777,1400000US22071000901,9.01,790,66,724,0,0,0,0,2014
778,1400000US22071000902,9.02,689,1,688,0,0,0,0,2014
779,1400000US22071000903,9.03,476,0,476,0,0,0,0,2014
780,1400000US22071000904,9.04,842,11,788,0,10,0,22,2014
781,1400000US22071001100,11,1690,929,665,8,7,0,43,2014
782,1400000US22071001200,12,1589,1268,215,0,0,0,0,2014
783,1400000US22071001301,13.01,1678,356,1285,0,8,0,0,2014
784,1400000US22071001302,13.02,889,56,824,0,9,0,0,2014
785,1400000US22071001401,14.01,1248,10,1183,0,0,0,55,2014
786,1400000US22071001402,14.02,1768,120,1565,0,0,0,0,2014
787,1400000US22071001500,15,838,153,668,0,0,0,13,2014
788,1400000US22071001600,16,0,0,0,0,0,0,0,2014
789,1400000US22071001701,17.01,1950,94,1833,0,0,0,0,2014
790,1400000US22071001702,17.02,2982,427,2423,0,132,0,0,2014
791,1400000US22071001720,17.20,3365,15,3241,0,21,0,30,2014
792,1400000US22071001722,17.22,4210,62,3953,0,0,14,149,2014
793,1400000US22071001723,17.23,5070,289,4562,0,70,0,15,2014
794,1400000US22071001724,17.24,4619,303,4007,0,193,0,60,2014
795,1400000US22071001725,17.25,6948,168,6523,0,0,0,195,2014
796,1400000US22071001730,17.30,902,33,855,0,2,0,0,2014
797,1400000US22071001734,17.34,835,715,0,0,81,0,8,2014
798,1400000US22071001735,17.35,1969,63,1892,0,0,0,0,2014
799,1400000US22071001736,17.36,2072,83,1967,0,13,0,9,2014
800,1400000US22071001737,17.37,3161,159,2974,11,5,0,6,2014
801,1400000US22071001739,17.39,1708,19,1689,0,0,0,0,2014
802,1400000US22071001740,17.40,4626,71,4244,0,18,0,128,2014
803,1400000US22071001741,17.41,1611,73,930,0,600,0,0,2014
804,1400000US22071001743,17.43,2377,34,2324,0,0,0,19,2014
805,1400000US22071001744,17.44,4211,58,4094,0,0,0,0,2014
806,1400000US22071001745,17.45,3394,144,3049,0,2,0,157,2014
807,1400000US22071001746,17.46,4465,59,4388,0,0,0,0,2014
808,1400000US22071001747,17.47,3838,29,2942,0,748,0,108,2014
809,1400000US22071001748,17.48,4892,111,4265,0,513,0,3,2014
810,1400000US22071001749,17.49,2974,167,976,15,1576,0,210,2014
811,1400000US22071001750,17.50,3441,475,847,254,1624,0,172,2014
812,1400000US22071001751,17.51,802,217,512,6,1,0,66,2014
813,1400000US22071001800,18,1436,1202,77,17,24,0,79,2014
814,1400000US22071001900,19,1339,404,898,5,0,0,25,2014
815,1400000US22071002000,20,1084,150,900,0,0,0,0,2014
816,1400000US22071002100,21,717,22,695,0,0,0,0,2014
817,1400000US22071002200,22,825,37,788,0,0,0,0,2014
818,1400000US22071002300,23,1799,77,1664,0,0,0,32,2014
819,1400000US22071002401,24.01,2033,201,1720,11,0,0,44,2014
820,1400000US22071002402,24.02,2917,362,2528,0,0,0,0,2014
821,1400000US22071002501,25.01,1703,287,1412,0,0,0,0,2014
822,1400000US22071002502,25.02,2170,76,2075,0,0,0,0,2014
823,1400000US22071002503,25.03,2328,627,1629,0,49,0,15,2014
824,1400000US22071002504,25.04,2250,539,1613,14,3,0,12,2014
825,1400000US22071002600,26,1317,1093,144,0,80,0,0,2014
826,1400000US22071002700,27,1497,320,1163,0,0,0,14,2014
827,1400000US22071002800,28,1536,5,1515,0,16,0,0,2014
828,1400000US22071002900,29,1436,34,1402,0,0,0,0,2014
829,1400000US22071003000,30,1145,50,1066,11,0,0,0,2014
830,1400000US22071003100,31,1093,1,947,0,0,0,26,2014
831,1400000US22071003301,33.01,1833,908,879,0,46,0,0,2014
832,1400000US22071003302,33.02,3587,295,3190,0,52,0,22,2014
833,1400000US22071003303,33.03,1928,450,1298,6,78,0,82,2014
834,1400000US22071003304,33.04,1856,195,1651,5,0,0,0,2014
835,1400000US22071003307,33.07,1333,15,1281,0,0,0,37,2014
836,1400000US22071003308,33.08,3311,144,2892,0,22,0,181,2014
837,1400000US22071003400,34,1244,390,807,0,0,11,4,2014
838,1400000US22071003500,35,1195,157,1033,0,0,0,0,2014
839,1400000US22071003600,36,1838,245,1524,0,0,0,8,2014
840,1400000US22071003701,37.01,2269,569,1644,5,45,0,0,2014
841,1400000US22071003702,37.02,3343,1027,2191,25,30,0,27,2014
842,1400000US22071003800,38,1231,1201,22,0,7,0,0,2014
843,1400000US22071003900,39,1366,589,615,0,16,0,10,2014
844,1400000US22071004000,40,2029,401,1588,5,0,0,32,2014
845,1400000US22071004100,41,1577,1303,188,3,13,0,60,2014
846,1400000US22071004401,44.01,1264,102,1121,0,0,0,5,2014
847,1400000US22071004402,44.02,78,0,78,0,0,0,0,2014
848,1400000US22071004500,45,2083,539,1401,0,53,0,65,2014
849,1400000US22071004600,46,2893,2572,220,19,0,0,15,2014
850,1400000US22071004800,48,1050,1,997,0,1,0,0,2014
851,1400000US22071004900,49,1457,351,974,33,5,0,81,2014
852,1400000US22071005000,50,1692,643,778,139,0,0,115,2014
853,1400000US22071005400,54,1853,1453,320,0,0,0,56,2014
854,1400000US22071005500,55,2660,2354,151,0,12,0,116,2014
855,1400000US22071005601,56.01,2270,1971,65,0,100,0,124,2014
856,1400000US22071005602,56.02,2617,2551,47,1,0,0,0,2014
857,1400000US22071005603,56.03,1394,1303,84,0,7,0,0,2014
858,1400000US22071005604,56.04,1537,1460,43,5,29,0,0,2014
859,1400000US22071006000,60,1829,405,1326,0,65,0,27,2014
860,1400000US22071006300,63,1777,622,974,0,12,0,131,2014
861,1400000US22071006400,64,2325,1097,1055,0,21,0,41,2014
862,1400000US22071006500,65,2679,1627,802,0,40,26,94,2014
863,1400000US22071006900,69,797,7,790,0,0,0,0,2014
864,1400000US22071007000,70,1801,360,1341,0,30,0,0,2014
865,1400000US22071007101,71.01,2277,558,1650,0,14,0,16,2014
866,1400000US22071007200,72,2185,133,1827,0,26,0,71,2014
867,1400000US22071007501,75.01,2762,154,2570,0,0,0,33,2014
868,1400000US22071007502,75.02,2585,113,2378,0,60,24,0,2014
869,1400000US22071007604,76.04,1758,1643,62,0,40,0,0,2014
870,1400000US22071007605,76.05,1475,213,1225,18,0,0,10,2014
871,1400000US22071007606,76.06,3859,3155,411,14,15,0,82,2014
872,1400000US22071007700,77,2577,2038,402,0,25,0,20,2014
873,1400000US22071007800,78,1631,1298,114,0,67,0,60,2014
874,1400000US22071008200,82,1426,1183,161,0,10,0,29,2014
875,1400000US22071008300,83,1147,990,129,0,18,0,5,2014
876,1400000US22071008400,84,1228,554,622,0,21,0,5,2014
877,1400000US22071008500,85,1268,30,1075,0,154,0,0,2014
878,1400000US22071008600,86,856,39,729,0,35,0,45,2014
879,1400000US22071008800,88,1891,1311,481,0,25,0,0,2014
880,1400000US22071009000,90,1959,1709,71,28,64,0,10,2014
881,1400000US22071009100,91,2422,996,1169,0,51,0,206,2014
882,1400000US22071009200,92,1488,29,1429,0,0,0,9,2014
883,1400000US22071009400,94,1299,64,1235,0,0,0,0,2014
884,1400000US22071009600,96,1594,1106,452,0,16,0,0,2014
885,1400000US22071000100,1,2872,2189,423,0,23,0,108,2015
886,1400000US22071000200,2,1334,179,1125,0,0,0,5,2015
887,1400000US22071000300,3,1168,128,1036,0,0,0,4,2015
888,1400000US22071000400,4,2535,383,2120,0,27,0,0,2015
889,1400000US22071000601,6.01,845,8,837,0,0,0,0,2015
890,1400000US22071000602,6.02,2994,252,2613,4,28,0,93,2015
891,1400000US22071000603,6.03,1137,95,991,18,26,0,0,2015
892,1400000US22071000604,6.04,4583,724,3687,0,14,0,22,2015
893,1400000US22071000605,6.05,2143,595,1500,0,0,0,42,2015
894,1400000US22071000606,6.06,4811,1812,2596,0,262,0,25,2015
895,1400000US22071000607,6.07,4704,2162,2455,4,0,0,35,2015
896,1400000US22071000611,6.11,4656,127,3809,0,676,0,44,2015
897,1400000US22071000612,6.12,1822,1093,606,16,47,0,42,2015
898,1400000US22071000613,6.13,4933,421,4459,0,10,0,20,2015
899,1400000US22071000615,6.15,4205,1135,2847,8,179,0,0,2015
900,1400000US22071000616,6.16,3985,1592,2205,0,69,0,34,2015
901,1400000US22071000617,6.17,4094,648,3409,22,3,0,0,2015
902,1400000US22071000618,6.18,4141,1516,2330,0,172,0,71,2015
903,1400000US22071000701,7.01,672,22,637,0,0,0,13,2015
904,1400000US22071000702,7.02,1616,197,1380,7,0,0,17,2015
905,1400000US22071000800,8,1474,146,1272,7,22,0,0,2015
906,1400000US22071000901,9.01,788,77,711,0,0,0,0,2015
907,1400000US22071000902,9.02,499,0,499,0,0,0,0,2015
908,1400000US22071000903,9.03,434,4,430,0,0,0,0,2015
909,1400000US22071000904,9.04,846,29,780,15,0,0,22,2015
910,1400000US22071001100,11,1734,922,748,10,7,0,35,2015
911,1400000US22071001200,12,1672,1344,231,4,0,0,0,2015
912,1400000US22071001301,13.01,1758,407,1314,0,5,0,3,2015
913,1400000US22071001302,13.02,988,83,895,0,10,0,0,2015
914,1400000US22071001401,14.01,1297,19,1214,0,0,0,64,2015
915,1400000US22071001402,14.02,1921,154,1688,0,0,0,0,2015
916,1400000US22071001500,15,847,147,682,0,0,0,14,2015
917,1400000US22071001600,16,0,0,0,0,0,0,0,2015
918,1400000US22071001701,17.01,2072,102,1950,0,0,0,0,2015
919,1400000US22071001702,17.02,3100,588,2395,0,105,0,0,2015
920,1400000US22071001720,17.20,3175,58,3018,0,22,0,18,2015
921,1400000US22071001722,17.22,4197,26,3962,0,0,18,153,2015
922,1400000US22071001723,17.23,5027,148,4717,0,119,0,0,2015
923,1400000US22071001724,17.24,4212,208,3853,0,107,0,0,2015
924,1400000US22071001725,17.25,6808,230,6269,0,0,0,238,2015
925,1400000US22071001730,17.30,994,50,912,0,16,0,0,2015
926,1400000US22071001734,17.34,953,812,0,0,70,0,20,2015
927,1400000US22071001735,17.35,2051,54,1951,0,0,11,12,2015
928,1400000US22071001736,17.36,2237,67,2138,0,15,0,11,2015
929,1400000US22071001737,17.37,3199,138,3037,0,6,0,7,2015
930,1400000US22071001739,17.39,1694,20,1674,0,0,0,0,2015
931,1400000US22071001740,17.40,4681,0,4630,0,0,0,0,2015
932,1400000US22071001741,17.41,1777,66,1060,0,634,0,10,2015
933,1400000US22071001743,17.43,2402,74,2313,0,0,0,15,2015
934,1400000US22071001744,17.44,4955,22,4919,0,0,0,0,2015
935,1400000US22071001745,17.45,3533,152,3322,0,2,0,0,2015
936,1400000US22071005601,56.01,2371,2177,64,0,95,0,23,2015
937,1400000US22071005602,56.02,2782,2666,109,1,0,0,0,2015
938,1400000US22071005603,56.03,1496,1442,40,0,7,0,0,2015
939,1400000US22071005604,56.04,1623,1496,52,38,37,0,0,2015
940,1400000US22071006000,60,2048,385,1553,0,64,0,32,2015
941,1400000US22071006300,63,1693,726,886,0,12,0,23,2015
942,1400000US22071006400,64,2370,1171,1052,0,11,0,10,2015
943,1400000US22071006500,65,2761,1782,772,0,35,0,116,2015
944,1400000US22071006900,69,891,10,876,0,0,0,0,2015
945,1400000US22071007000,70,1771,267,1385,0,38,0,8,2015
946,1400000US22071007101,71.01,2386,511,1752,0,33,0,27,2015
947,1400000US22071007200,72,2350,222,1932,0,67,0,50,2015
948,1400000US22071007501,75.01,2675,190,2434,0,0,0,35,2015
949,1400000US22071007502,75.02,3030,201,2639,0,56,22,0,2015
950,1400000US22071007604,76.04,1880,1782,60,0,27,0,0,2015
951,1400000US22071007605,76.05,1601,229,1334,16,0,0,11,2015
952,1400000US22071007606,76.06,4048,3319,480,15,20,0,105,2015
953,1400000US22071007700,77,2356,1967,262,0,49,0,16,2015
954,1400000US22071007800,78,1220,972,104,0,24,0,101,2015
955,1400000US22071008200,82,1535,1193,212,0,8,0,118,2015
956,1400000US22071008300,83,1201,1012,166,0,5,0,11,2015
957,1400000US22071008400,84,1136,496,535,0,30,0,25,2015
958,1400000US22071008500,85,1332,45,1119,0,162,0,0,2015
959,1400000US22071008600,86,891,56,736,0,38,0,53,2015
960,1400000US22071008800,88,1832,1315,416,0,21,0,0,2015
961,1400000US22071009000,90,1884,1743,34,12,34,0,9,2015
962,1400000US22071009100,91,1956,841,801,0,81,0,233,2015
963,1400000US22071009200,92,1429,35,1362,0,0,0,10,2015
964,1400000US22071009400,94,1200,63,1137,0,0,0,0,2015
965,1400000US22071009600,96,1551,973,532,0,0,0,0,2015
966,1400000US22071009700,97,1527,704,661,0,17,0,111,2015
967,1400000US22071009900,99,3084,2491,432,0,77,0,32,2015
968,1400000US22071010000,100,1747,404,1295,0,32,0,6,2015
969,1400000US22071010100,101,1940,1472,411,23,27,0,0,2015
970,1400000US22071010200,102,1889,330,1480,7,5,0,0,2015
971,1400000US22071010300,103,3293,468,2731,13,0,0,2,2015
972,1400000US22071010600,106,1322,895,395,0,0,0,9,2015
973,1400000US22071010700,107,1688,1323,184,0,44,0,5,2015
974,1400000US22071010800,108,1418,1258,82,13,40,0,25,2015
975,1400000US22071010900,109,3592,1944,1491,0,97,0,18,2015
976,1400000US22071011100,111,1578,512,962,28,0,0,38,2015
977,1400000US22071011200,112,1636,952,468,6,72,0,39,2015
978,1400000US22071011400,114,1994,1884,37,0,31,0,10,2015
979,1400000US22071011500,115,1422,1310,92,0,14,0,0,2015
980,1400000US22071011600,116,1504,1354,53,0,49,8,0,2015
981,1400000US22071011700,117,2842,2724,24,0,37,0,0,2015
982,1400000US22071011900,119,1873,1590,151,0,107,0,12,2015
983,1400000US22071012000,120,1509,1327,75,15,24,0,30,2015
984,1400000US22071012101,121.01,3286,2686,181,0,232,18,6,2015
985,1400000US22071012102,121.02,4281,3283,498,11,229,7,42,2015
986,1400000US22071012200,122,2354,2015,153,21,49,0,66,2015
987,1400000US22071012300,123,2027,1081,715,0,15,0,133,2015
988,1400000US22071012400,124,1730,1182,483,0,8,0,26,2015
989,1400000US22071012500,125,1678,1101,400,10,167,0,0,2015
990,1400000US22071012600,126,1853,1572,118,9,103,0,6,2015
991,1400000US22071012700,127,2171,1576,519,7,22,0,12,2015
992,1400000US22071012800,128,2440,1725,453,14,124,0,26,2015
993,1400000US22071012900,129,1548,924,489,0,34,0,78,2015
994,1400000US22071013000,130,1778,781,916,0,21,0,46,2015
995,1400000US22071013100,131,1500,354,1103,12,0,0,14,2015
996,1400000US22071013200,132,2590,1254,1217,0,32,0,14,2015
997,1400000US22071013301,133.01,3738,3324,166,0,190,0,37,2015
998,1400000US22071013302,133.02,2168,1353,467,0,203,0,31,2015
999,1400000US22071013400,134,2618,1691,614,0,228,0,20,2015
1000,1400000US22071013500,135,2070,1950,79,16,25,0,0,2015
1001,1400000US22071013600,136,929,449,458,0,9,0,0,2015
1002,1400000US22071013700,137,2347,75,2251,0,0,0,15,2015
1003,1400000US22071013800,138,2304,74,2211,0,0,0,10,2015
1004,1400000US22071013900,139,1591,716,679,0,90,0,101,2015
1005,1400000US22071014000,140,1649,107,1519,6,0,0,0,2015
1006,1400000US22071014100,141,1946,793,1124,0,21,0,0,2015
1007,1400000US22071014200,142,1790,1151,592,7,40,0,0,2015
1008,1400000US22071014300,143,1797,189,1577,6,1,0,0,2015
1009,1400000US22071014400,144,1588,906,580,44,3,0,33,2015
1010,1400000US22071014500,145,1594,134,1417,0,7,0,8,2015
1011,1400000US22071980000,9800,5,2,1,0,2,0,0,2015
1012,1400000US22071980100,9801,0,0,0,0,0,0,0,2015
1013,1400000US22071990000,9900,0,0,0,0,0,0,0,2015
1014,1400000US22071001746,17.46,4504,65,4418,0,0,0,0,2015
1015,1400000US22071001747,17.47,4242,41,3201,0,829,0,107,2015
1016,1400000US22071001748,17.48,4903,132,4224,0,544,0,3,2015
1017,1400000US22071001749,17.49,2948,154,1078,15,1424,0,244,2015
1018,1400000US22071001750,17.50,3553,503,1031,4,1824,0,147,2015
1019,1400000US22071001751,17.51,943,273,571,7,1,0,91,2015
1020,1400000US22071001800,18,1428,1092,103,13,25,0,134,2015
1021,1400000US22071001900,19,1200,355,782,35,0,0,22,2015
1022,1400000US22071002000,20,1099,128,938,0,0,0,0,2015
1023,1400000US22071002100,21,816,22,794,0,0,0,0,2015
1024,1400000US22071002200,22,862,49,794,0,0,0,19,2015
1025,1400000US22071002300,23,1808,51,1700,0,0,0,34,2015
1026,1400000US22071002401,24.01,2010,232,1638,0,9,0,43,2015
1027,1400000US22071002402,24.02,3024,283,2714,0,0,0,0,2015
1028,1400000US22071002501,25.01,2010,231,1749,0,0,0,18,2015
1029,1400000US22071002502,25.02,2209,117,2072,0,0,0,0,2015
1030,1400000US22071002503,25.03,2272,668,1434,0,46,0,108,2015
1031,1400000US22071002504,25.04,2575,540,1921,8,15,0,29,2015
1032,1400000US22071002600,26,1364,1177,105,0,82,0,0,2015
1033,1400000US22071002700,27,1580,275,1292,0,0,0,13,2015
1034,1400000US22071002800,28,1712,54,1658,0,0,0,0,2015
1035,1400000US22071002900,29,1276,74,1202,0,0,0,0,2015
1036,1400000US22071003000,30,1042,76,940,9,0,0,0,2015
1037,1400000US22071003100,31,986,6,882,0,0,0,33,2015
1038,1400000US22071003301,33.01,1878,894,890,0,83,0,11,2015
1039,1400000US22071003302,33.02,3476,320,3060,0,50,0,12,2015
1040,1400000US22071003303,33.03,2100,467,1418,6,73,0,131,2015
1041,1400000US22071003304,33.04,2075,218,1849,3,0,0,0,2015
1042,1400000US22071003307,33.07,1506,19,1455,9,0,0,23,2015
1043,1400000US22071003308,33.08,3645,125,3283,0,10,0,216,2015
1044,1400000US22071003400,34,1195,328,818,0,0,18,5,2015
1045,1400000US22071003500,35,1187,163,1008,0,0,0,0,2015
1046,1400000US22071003600,36,1603,228,1316,0,0,0,7,2015
1047,1400000US22071003701,37.01,2186,515,1639,5,17,0,0,2015
1048,1400000US22071003702,37.02,3367,985,2192,31,34,0,44,2015
1049,1400000US22071003800,38,1286,1232,25,0,29,0,0,2015
1050,1400000US22071003900,39,1320,559,667,0,8,0,10,2015
1051,1400000US22071004000,40,2033,593,1392,6,0,0,39,2015
1052,1400000US22071004100,41,1525,1232,197,5,13,0,69,2015
1053,1400000US22071004401,44.01,1227,193,1000,0,0,0,5,2015
1054,1400000US22071004402,44.02,81,0,81,0,0,0,0,2015
1055,1400000US22071004500,45,2230,666,1398,0,68,0,68,2015
1056,1400000US22071004600,46,2859,2535,173,21,28,0,16,2015
1057,1400000US22071004800,48,667,1,665,0,1,0,0,2015
1058,1400000US22071004900,49,1625,465,1052,0,4,0,85,2015
1059,1400000US22071005000,50,1383,663,509,165,0,0,36,2015
1060,1400000US22071005400,54,1890,1450,332,0,0,0,72,2015
1061,1400000US22071005500,55,2926,2644,157,48,13,0,42,2015
1062,1400000US22071000100,1,3074,2451,383,0,25,0,111,2016
1063,1400000US22071000200,2,1409,186,1190,0,0,0,6,2016
1064,1400000US22071000300,3,1285,136,1149,0,0,0,0,2016
1065,1400000US22071000400,4,2348,307,1999,0,21,0,14,2016
1066,1400000US22071000601,6.01,988,23,965,0,0,0,0,2016
1067,1400000US22071000602,6.02,2828,225,2454,5,27,0,112,2016
1068,1400000US22071000603,6.03,1271,116,1089,21,25,0,0,2016
1069,1400000US22071000604,6.04,4430,915,3312,0,13,0,0,2016
1070,1400000US22071000605,6.05,2288,534,1697,0,0,0,44,2016
1071,1400000US22071000606,6.06,4871,1680,2765,0,229,0,55,2016
1072,1400000US22071000607,6.07,4910,2443,2253,7,0,0,148,2016
1073,1400000US22071000611,6.11,4697,87,3976,0,597,0,37,2016
1074,1400000US22071000612,6.12,1883,1050,644,5,113,0,60,2016
1075,1400000US22071000613,6.13,5102,340,4699,0,22,0,23,2016
1076,1400000US22071000615,6.15,4635,1242,3209,8,106,0,10,2016
1077,1400000US22071000616,6.16,4370,1653,2522,0,45,0,37,2016
1078,1400000US22071000617,6.17,4707,677,3716,0,125,0,176,2016
1079,1400000US22071000618,6.18,4404,1319,2802,0,179,0,58,2016
1080,1400000US22071000701,7.01,735,42,671,0,4,0,18,2016
1081,1400000US22071000702,7.02,1765,235,1446,4,56,0,17,2016
1082,1400000US22071000800,8,1593,186,1341,0,12,0,0,2016
1083,1400000US22071000901,9.01,781,127,654,0,0,0,0,2016
1084,1400000US22071000902,9.02,538,8,530,0,0,0,0,2016
1085,1400000US22071000903,9.03,603,9,589,0,0,0,0,2016
1086,1400000US22071000904,9.04,981,26,913,12,0,6,24,2016
1087,1400000US22071001100,11,1819,993,767,6,5,0,38,2016
1088,1400000US22071001200,12,1744,1410,238,6,9,0,17,2016
1089,1400000US22071001301,13.01,1846,550,1204,0,20,0,5,2016
1090,1400000US22071001302,13.02,1134,110,1004,0,13,0,0,2016
1091,1400000US22071001401,14.01,1433,40,1326,0,0,0,67,2016
1092,1400000US22071001402,14.02,1829,185,1537,0,0,0,0,2016
1093,1400000US22071001500,15,884,77,787,0,0,0,14,2016
1094,1400000US22071001600,16,0,0,0,0,0,0,0,2016
1095,1400000US22071001701,17.01,2186,76,2090,0,0,0,0,2016
1096,1400000US22071001702,17.02,3170,566,2527,0,68,0,0,2016
1097,1400000US22071001720,17.20,3201,60,3087,0,13,0,23,2016
1098,1400000US22071001722,17.22,4140,38,3878,0,0,0,179,2016
1099,1400000US22071001723,17.23,4743,100,4480,0,98,0,0,2016
1100,1400000US22071001724,17.24,4377,159,4139,0,28,0,0,2016
1101,1400000US22071001725,17.25,7381,223,6812,28,0,0,263,2016
1102,1400000US22071001730,17.30,951,37,878,0,21,0,0,2016
1103,1400000US22071001734,17.34,909,785,0,0,50,0,22,2016
1104,1400000US22071001735,17.35,2013,15,1949,0,0,13,11,2016
1105,1400000US22071001736,17.36,2259,72,2176,0,0,0,6,2016
1106,1400000US22071001737,17.37,3597,116,3419,0,5,0,7,2016
1107,1400000US22071001739,17.39,1862,42,1820,0,0,0,0,2016
1108,1400000US22071001740,17.40,4889,0,4880,0,0,0,0,2016
1109,1400000US22071001741,17.41,1596,47,956,0,558,0,17,2016
1110,1400000US22071001743,17.43,2349,37,2298,0,0,0,14,2016
1111,1400000US22071001744,17.44,5140,30,5097,0,0,0,0,2016
1112,1400000US22071001745,17.45,3486,146,3167,0,99,0,0,2016
1113,1400000US22071001746,17.46,4174,61,4091,0,0,0,0,2016
1114,1400000US22071001747,17.47,4264,45,3151,0,855,0,121,2016
1115,1400000US22071001748,17.48,4631,179,4106,0,343,0,3,2016
1116,1400000US22071001749,17.49,3090,148,964,17,1675,0,238,2016
1117,1400000US22071001750,17.50,3537,448,1246,5,1654,0,147,2016
1118,1400000US22071001751,17.51,984,279,676,5,2,0,22,2016
1119,1400000US22071001800,18,1568,1182,114,11,35,0,135,2016
1120,1400000US22071001900,19,1238,306,864,35,0,0,20,2016
1121,1400000US22071002000,20,1136,150,948,0,6,0,0,2016
1122,1400000US22071002100,21,946,34,908,0,0,0,0,2016
1123,1400000US22071002200,22,1068,47,994,0,0,0,16,2016
1124,1400000US22071002300,23,2025,81,1835,0,0,0,79,2016
1125,1400000US22071002401,24.01,2134,252,1796,0,9,0,38,2016
1126,1400000US22071002402,24.02,3201,230,2946,0,0,0,0,2016
1127,1400000US22071002501,25.01,2236,245,1959,0,0,0,20,2016
1128,1400000US22071002502,25.02,2423,149,2253,0,0,0,0,2016
1129,1400000US22071002503,25.03,2132,628,1350,0,25,0,112,2016
1130,1400000US22071002504,25.04,2702,607,1995,17,12,0,27,2016
1131,1400000US22071002600,26,1561,1232,259,0,70,0,0,2016
1132,1400000US22071002700,27,1557,296,1247,0,0,0,14,2016
1133,1400000US22071002800,28,1726,74,1645,0,0,0,0,2016
1134,1400000US22071002900,29,1176,130,1021,0,25,0,0,2016
1135,1400000US22071003000,30,999,50,932,0,0,0,0,2016
1136,1400000US22071003100,31,1088,24,1035,0,0,0,26,2016
1137,1400000US22071003301,33.01,2075,923,1035,0,94,0,10,2016
1138,1400000US22071003302,33.02,3574,385,3097,0,50,0,14,2016
1139,1400000US22071003303,33.03,2357,596,1568,0,57,0,131,2016
1140,1400000US22071003304,33.04,2397,253,2130,0,0,0,10,2016
1141,1400000US22071003307,33.07,1647,23,1580,7,0,0,37,2016
1142,1400000US22071003308,33.08,3534,183,3161,0,14,0,159,2016
1143,1400000US22071003400,34,1236,359,766,0,0,18,8,2016
1144,1400000US22071003500,35,1166,193,935,0,0,0,0,2016
1145,1400000US22071003600,36,1551,239,1252,0,0,0,8,2016
1146,1400000US22071003701,37.01,2074,599,1426,6,31,0,0,2016
1147,1400000US22071003702,37.02,3538,1328,1969,30,61,0,82,2016
1148,1400000US22071003800,38,1211,1173,23,0,15,0,0,2016
1149,1400000US22071003900,39,1203,561,559,0,4,0,6,2016
1150,1400000US22071004000,40,1935,657,1257,0,5,0,11,2016
1151,1400000US22071004100,41,1602,1278,233,0,19,0,72,2016
1152,1400000US22071004401,44.01,1213,211,937,0,0,0,24,2016
1153,1400000US22071004402,44.02,158,0,158,0,0,0,0,2016
1154,1400000US22071004500,45,2396,901,1387,0,19,0,56,2016
1155,1400000US22071004600,46,2832,2432,195,31,21,0,44,2016
1156,1400000US22071004800,48,357,2,355,0,0,0,0,2016
1157,1400000US22071004900,49,1287,371,853,0,36,0,10,2016
1158,1400000US22071005000,50,1250,497,527,155,6,0,27,2016
1159,1400000US22071005400,54,1741,1301,362,0,0,0,25,2016
1160,1400000US22071005500,55,2914,2664,172,38,0,0,20,2016
1161,1400000US22071005601,56.01,2316,2250,2,0,57,0,0,2016
1162,1400000US22071005602,56.02,2650,2581,53,1,11,0,0,2016
1163,1400000US22071005603,56.03,1450,1389,48,0,6,0,0,2016
1164,1400000US22071005604,56.04,1627,1420,101,34,72,0,0,2016
1165,1400000US22071006000,60,2204,461,1636,0,61,0,28,2016
1166,1400000US22071006300,63,1701,833,805,0,11,0,21,2016
1167,1400000US22071006400,64,2304,1311,857,0,5,0,6,2016
1168,1400000US22071006500,65,2709,1785,741,0,27,0,97,2016
1169,1400000US22071006900,69,775,9,761,0,0,0,0,2016
1170,1400000US22071007000,70,1726,228,1360,5,48,0,16,2016
1171,1400000US22071007101,71.01,2554,515,1910,0,35,0,13,2016
1172,1400000US22071007200,72,2495,297,2071,0,40,0,38,2016
1173,1400000US22071007501,75.01,2683,194,2475,0,0,0,0,2016
1174,1400000US22071007502,75.02,3168,244,2710,18,43,26,0,2016
1175,1400000US22071007604,76.04,1818,1707,62,0,49,0,0,2016
1176,1400000US22071007605,76.05,1556,213,1287,14,0,0,24,2016
1177,1400000US22071007606,76.06,4128,3373,502,11,43,0,69,2016
1178,1400000US22071007700,77,2454,1984,301,0,93,0,8,2016
1179,1400000US22071007800,78,1111,880,133,0,4,0,78,2016
1180,1400000US22071008200,82,1571,1182,230,0,7,0,125,2016
1181,1400000US22071008300,83,1185,967,190,0,7,0,11,2016
1182,1400000US22071008400,84,1126,495,533,0,35,0,20,2016
1183,1400000US22071008500,85,1328,71,1114,0,136,0,0,2016
1184,1400000US22071008600,86,895,61,775,0,38,0,9,2016
1185,1400000US22071008800,88,1775,1325,317,9,26,0,0,2016
1186,1400000US22071009000,90,2080,1952,36,12,12,0,20,2016
1187,1400000US22071009100,91,1663,945,641,0,68,0,0,2016
1188,1400000US22071009200,92,1443,74,1315,0,0,0,10,2016
1189,1400000US22071009400,94,1379,82,1297,0,0,0,0,2016
1190,1400000US22071009600,96,1470,944,469,0,0,0,0,2016
1191,1400000US22071009700,97,1464,795,481,0,26,0,134,2016
1192,1400000US22071009900,99,2916,2294,404,0,63,9,51,2016
1193,1400000US22071010000,100,1560,409,1088,0,30,0,5,2016
1194,1400000US22071010100,101,1829,1354,440,35,0,0,0,2016
1195,1400000US22071010200,102,1947,370,1412,0,70,0,16,2016
1196,1400000US22071010300,103,3357,671,2552,9,5,0,35,2016
1197,1400000US22071010600,106,1335,931,385,0,4,0,6,2016
1198,1400000US22071010700,107,1977,1471,272,0,52,0,29,2016
1199,1400000US22071010800,108,1424,1295,77,0,29,0,23,2016
1200,1400000US22071010900,109,3145,1842,1174,0,68,0,15,2016
1201,1400000US22071011100,111,1644,528,1012,27,9,0,31,2016
1202,1400000US22071011200,112,1633,1018,442,6,39,0,42,2016
1203,1400000US22071011400,114,1993,1876,32,0,57,0,0,2016
1204,1400000US22071011500,115,1305,1201,82,0,14,0,0,2016
1205,1400000US22071011600,116,1561,1390,55,0,57,0,0,2016
1206,1400000US22071011700,117,2960,2872,23,0,55,0,10,2016
1207,1400000US22071011900,119,1687,1398,148,0,97,0,12,2016
1208,1400000US22071012000,120,1470,1292,66,5,37,0,32,2016
1209,1400000US22071012101,121.01,3334,2660,206,0,247,16,21,2016
1210,1400000US22071012102,121.02,4163,3172,535,13,206,8,61,2016
1211,1400000US22071012200,122,2268,1951,235,19,25,0,0,2016
1212,1400000US22071012300,123,2093,1046,826,0,21,0,111,2016
1213,1400000US22071012400,124,1366,789,535,0,8,0,20,2016
1214,1400000US22071012500,125,1657,1079,346,11,175,0,0,2016
1215,1400000US22071012600,126,1725,1424,105,8,107,0,7,2016
1216,1400000US22071012700,127,2236,1489,621,7,63,0,23,2016
1217,1400000US22071012800,128,2285,1590,419,12,147,0,18,2016
1218,1400000US22071012900,129,1623,923,560,0,32,0,57,2016
1219,1400000US22071013000,130,1706,746,864,0,24,0,25,2016
1220,1400000US22071013100,131,1457,259,1148,10,0,0,11,2016
1221,1400000US22071013200,132,2416,1151,1064,12,15,0,80,2016
1222,1400000US22071013301,133.01,3872,3438,197,0,167,0,28,2016
1223,1400000US22071013302,133.02,2098,1265,504,0,178,0,24,2016
1224,1400000US22071013400,134,2634,1712,658,0,224,0,6,2016
1225,1400000US22071013500,135,2120,1980,93,14,16,0,0,2016
1226,1400000US22071013600,136,880,472,393,0,8,0,0,2016
1227,1400000US22071013700,137,2635,64,2540,0,0,0,20,2016
1228,1400000US22071013800,138,2518,65,2323,0,5,0,117,2016
1229,1400000US22071013900,139,1786,816,840,0,73,0,54,2016
1230,1400000US22071014000,140,1744,152,1565,8,0,0,0,2016
1231,1400000US22071014100,141,2068,766,1257,0,39,0,0,2016
1232,1400000US22071014200,142,1745,1225,476,8,36,0,0,2016
1233,1400000US22071014300,143,2179,252,1911,4,1,0,0,2016
1234,1400000US22071014400,144,1565,927,587,5,7,0,14,2016
1235,1400000US22071014500,145,1910,187,1701,0,7,0,8,2016
1236,1400000US22071980000,9800,10,7,1,0,2,0,0,2016
1237,1400000US22071980100,9801,0,0,0,0,0,0,0,2016
1238,1400000US22071990000,9900,0,0,0,0,0,0,0,2016
1239,1400000US22071003400,34,1394,460,792,0,0,18,10,2017
1240,1400000US22071001749,17.49,3106,161,1298,0,1482,0,142,2017
1241,1400000US22071007101,71.01,2533,492,1941,0,28,0,6,2017
1242,1400000US22071014500,145,2102,390,1695,0,7,0,3,2017
1243,1400000US22071980000,9800,10,8,0,0,2,0,0,2017
1244,1400000US22071007606,76.06,4090,3197,554,8,101,0,75,2017
1245,1400000US22071001745,17.45,3525,111,3259,0,88,0,0,2017
1246,1400000US22071013400,134,2970,1767,966,0,198,0,0,2017
1247,1400000US22071014000,140,2007,155,1829,0,0,0,5,2017
1248,1400000US22071013500,135,2008,1866,84,19,13,0,0,2017
1249,1400000US22071013600,136,938,502,409,11,7,0,0,2017
1250,1400000US22071013700,137,2713,56,2626,0,0,0,19,2017
1251,1400000US22071013800,138,2707,61,2463,0,6,0,119,2017
1252,1400000US22071002501,25.01,2203,218,1943,0,0,0,30,2017
1253,1400000US22071002700,27,1450,380,1061,5,0,0,0,2017
1254,1400000US22071006400,64,2439,1514,787,0,5,0,6,2017
1255,1400000US22071007200,72,2672,323,2218,0,40,7,34,2017
1256,1400000US22071007502,75.02,3422,269,2918,28,36,42,0,2017
1257,1400000US22071000300,3,1228,127,1101,0,0,0,0,2017
1258,1400000US22071000602,6.02,2530,216,2144,0,22,0,133,2017
1259,1400000US22071000604,6.04,4359,909,3213,0,0,0,0,2017
1260,1400000US22071000701,7.01,909,34,843,0,5,0,27,2017
1261,1400000US22071001730,17.30,1007,41,896,0,53,0,0,2017
1262,1400000US22071001735,17.35,2265,19,2177,0,0,15,9,2017
1263,1400000US22071001737,17.37,3411,119,3192,42,5,0,6,2017
1264,1400000US22071002502,25.02,2479,127,2295,0,0,0,40,2017
1265,1400000US22071007605,76.05,1647,211,1376,14,0,0,22,2017
1266,1400000US22071007700,77,2306,1957,221,7,96,0,8,2017
1267,1400000US22071009700,97,1316,963,301,0,16,0,21,2017
1268,1400000US22071010300,103,3400,737,2582,0,4,0,30,2017
1269,1400000US22071011900,119,1784,1360,149,0,115,0,4,2017
1270,1400000US22071012300,123,2048,1047,810,0,45,0,57,2017
1271,1400000US22071012400,124,1669,899,700,0,20,0,22,2017
1272,1400000US22071001722,17.22,4349,50,4107,0,0,0,181,2017
1273,1400000US22071001900,19,1368,369,914,51,20,0,0,2017
1274,1400000US22071004401,44.01,1139,225,830,0,18,0,18,2017
1275,1400000US22071004500,45,2628,1093,1463,0,23,0,39,2017
1276,1400000US22071007000,70,1907,272,1491,9,51,0,13,2017
1277,1400000US22071008200,82,1494,1054,259,0,10,0,131,2017
1278,1400000US22071008800,88,1870,1337,366,19,27,0,0,2017
1279,1400000US22071010200,102,1909,413,1335,0,58,0,32,2017
1280,1400000US22071010800,108,1402,1262,68,0,28,0,25,2017
1281,1400000US22071013302,133.02,2143,1308,564,0,140,0,14,2017
1282,1400000US22071000601,6.01,1037,28,1009,0,0,0,0,2017
1283,1400000US22071000611,6.11,5217,104,4489,0,556,0,68,2017
1284,1400000US22071001800,18,1423,1191,56,9,37,0,52,2017
1285,1400000US22071002000,20,1203,184,986,0,6,0,0,2017
1286,1400000US22071002402,24.02,3156,287,2836,0,0,0,33,2017
1287,1400000US22071002504,25.04,2797,554,2115,11,40,0,26,2017
1288,1400000US22071003000,30,1072,54,969,0,0,0,34,2017
1289,1400000US22071003600,36,1525,345,1121,0,0,0,0,2017
1290,1400000US22071004402,44.02,358,0,358,0,0,0,0,2017
1291,1400000US22071005601,56.01,2337,2255,24,0,26,0,25,2017
1292,1400000US22071006500,65,2782,1712,899,0,28,0,101,2017
1293,1400000US22071008500,85,1347,84,1014,0,172,0,70,2017
1294,1400000US22071011700,117,3032,2933,29,0,35,0,35,2017
1295,1400000US22071013301,133.01,3699,3316,136,0,169,0,20,2017
1296,1400000US22071000100,1,2811,2574,198,0,26,0,0,2017
1297,1400000US22071000901,9.01,946,170,776,0,0,0,0,2017
1298,1400000US22071001401,14.01,1406,49,1357,0,0,0,0,2017
1299,1400000US22071001701,17.01,2243,56,2175,0,0,0,0,2017
1300,1400000US22071003100,31,1307,131,1138,0,0,0,34,2017
1301,1400000US22071003301,33.01,2077,876,1029,0,129,0,20,2017
1302,1400000US22071000616,6.16,4315,1668,2372,0,34,0,43,2017
1303,1400000US22071014100,141,2012,719,1203,0,68,0,12,2017
1304,1400000US22071013900,139,1739,1005,574,0,87,0,70,2017
1305,1400000US22071014200,142,1718,1250,418,3,47,0,0,2017
1306,1400000US22071014400,144,1619,1093,486,12,4,0,13,2017
1307,1400000US22071014300,143,2192,307,1826,5,0,0,0,2017
1308,1400000US22071000618,6.18,4563,1336,2966,0,261,0,0,2017
1309,1400000US22071000615,6.15,4903,1284,3319,0,137,0,99,2017
1310,1400000US22071980100,9801,0,0,0,0,0,0,0,2017
1311,1400000US22071001751,17.51,753,229,500,4,4,0,16,2017
1312,1400000US22071990000,9900,0,0,0,0,0,0,0,2017
1313,1400000US22071001744,17.44,4862,6,4844,0,0,0,0,2017
1314,1400000US22071001743,17.43,2304,38,2255,0,0,0,0,2017
1315,1400000US22071000617,6.17,5030,389,4305,0,130,0,193,2017
1316,1400000US22071001746,17.46,4278,155,4101,0,0,0,0,2017
1317,1400000US22071001748,17.48,4731,170,4283,0,278,0,0,2017
1318,1400000US22071001747,17.47,4307,29,3046,0,1029,0,101,2017
1319,1400000US22071001750,17.50,3770,240,1517,8,1873,0,132,2017
1320,1400000US22071003308,33.08,3390,176,3160,0,23,0,14,2017
1321,1400000US22071003701,37.01,1971,631,1288,0,15,0,0,2017
1322,1400000US22071003800,38,1109,1069,24,0,16,0,0,2017
1323,1400000US22071003900,39,1176,565,519,1,5,0,6,2017
1324,1400000US22071004600,46,2799,2455,146,0,48,0,46,2017
1325,1400000US22071004900,49,1349,494,774,0,41,0,10,2017
1326,1400000US22071005602,56.02,2694,2577,56,1,53,0,0,2017
1327,1400000US22071005603,56.03,1537,1405,51,0,58,0,0,2017
1328,1400000US22071006900,69,874,9,847,0,0,0,6,2017
1329,1400000US22071010000,100,1522,517,928,0,32,0,17,2017
1330,1400000US22071010700,107,1965,1522,245,4,37,0,34,2017
1331,1400000US22071011600,116,1558,1403,56,0,76,0,0,2017
1332,1400000US22071013200,132,2354,1013,1111,18,29,0,103,2017
1333,1400000US22071003302,33.02,3443,458,2922,0,28,0,19,2017
1334,1400000US22071000200,2,1513,206,1272,0,0,0,13,2017
1335,1400000US22071000605,6.05,2321,471,1785,0,0,0,50,2017
1336,1400000US22071000612,6.12,1791,1111,478,2,120,0,68,2017
1337,1400000US22071000903,9.03,660,7,649,0,0,0,0,2017
1338,1400000US22071001720,17.20,3183,57,3061,0,13,0,22,2017
1339,1400000US22071001734,17.34,977,864,0,0,46,0,5,2017
1340,1400000US22071002800,28,1782,93,1680,0,0,0,0,2017
1341,1400000US22071003307,33.07,1553,15,1532,6,0,0,0,2017
1342,1400000US22071003500,35,1308,179,1091,0,1,0,0,2017
1343,1400000US22071004100,41,1670,1324,235,0,23,0,83,2017
1344,1400000US22071004800,48,140,9,131,0,0,0,0,2017
1345,1400000US22071006300,63,1572,783,734,0,13,0,16,2017
1346,1400000US22071008300,83,1119,897,168,0,11,0,18,2017
1347,1400000US22071008400,84,1002,447,451,0,32,0,18,2017
1348,1400000US22071009400,94,1574,71,1503,0,0,0,0,2017
1349,1400000US22071009900,99,2870,2166,483,0,65,8,50,2017
1350,1400000US22071010900,109,2888,1842,900,19,54,0,32,2017
1351,1400000US22071013000,130,1802,776,886,0,37,0,16,2017
1352,1400000US22071002503,25.03,2204,641,1392,0,24,0,86,2017
1353,1400000US22071006000,60,2343,572,1592,0,73,0,32,2017
1354,1400000US22071004000,40,2009,700,1297,0,5,0,0,2017
1355,1400000US22071007604,76.04,1852,1791,42,0,19,0,0,2017
1356,1400000US22071009000,90,2074,1998,34,10,11,0,10,2017
1357,1400000US22071009600,96,1440,910,484,0,0,0,0,2017
1358,1400000US22071010100,101,1662,1271,360,31,0,0,0,2017
1359,1400000US22071010600,106,1470,900,521,0,20,0,8,2017
1360,1400000US22071011500,115,1243,1110,82,0,45,0,0,2017
1361,1400000US22071012102,121.02,4162,3042,592,0,252,8,79,2017
1362,1400000US22071012500,125,1777,1180,376,6,143,0,0,2017
1363,1400000US22071012700,127,2238,1291,736,7,155,0,26,2017
1364,1400000US22071012900,129,1452,871,443,0,20,0,55,2017
1365,1400000US22071000603,6.03,979,63,851,21,16,0,5,2017
1366,1400000US22071000606,6.06,4559,1573,2641,0,117,0,78,2017
1367,1400000US22071000702,7.02,1816,313,1422,0,60,0,17,2017
1368,1400000US22071000902,9.02,659,13,633,0,0,0,13,2017
1369,1400000US22071001301,13.01,1904,621,1191,0,20,0,3,2017
1370,1400000US22071001500,15,850,135,693,0,0,0,11,2017
1371,1400000US22071001600,16,0,0,0,0,0,0,0,2017
1372,1400000US22071007501,75.01,2726,229,2481,0,0,0,0,2017
1373,1400000US22071008600,86,992,79,868,0,33,0,6,2017
1374,1400000US22071011100,111,1844,763,939,32,10,0,15,2017
1375,1400000US22071012000,120,1473,1282,59,5,46,0,35,2017
1376,1400000US22071012200,122,2327,2001,212,14,37,0,0,2017
1377,1400000US22071012600,126,1685,1275,237,7,72,0,8,2017
1378,1400000US22071002300,23,2109,62,1931,0,0,0,85,2017
1379,1400000US22071002401,24.01,2407,301,2017,0,13,0,18,2017
1380,1400000US22071000607,6.07,5057,2332,2464,6,7,0,198,2017
1381,1400000US22071000800,8,1834,224,1556,0,13,0,0,2017
1382,1400000US22071001723,17.23,4562,140,4304,0,93,0,0,2017
1383,1400000US22071001724,17.24,4784,282,4424,0,24,0,0,2017
1384,1400000US22071000613,6.13,5331,477,4806,0,10,0,18,2017
1385,1400000US22071000904,9.04,1014,44,929,10,0,5,26,2017
1386,1400000US22071001302,13.02,1137,196,926,0,0,0,0,2017
1387,1400000US22071001702,17.02,3270,562,2626,0,63,0,4,2017
1388,1400000US22071001725,17.25,7096,354,6375,32,0,0,274,2017
1389,1400000US22071001736,17.36,2181,25,2111,0,0,0,39,2017
1390,1400000US22071002100,21,1106,69,1018,0,0,0,0,2017
1391,1400000US22071002900,29,1224,168,1032,0,14,0,0,2017
1392,1400000US22071001739,17.39,2106,50,2003,0,0,0,0,2017
1393,1400000US22071003303,33.03,2470,580,1767,0,38,0,81,2017
1394,1400000US22071003304,33.04,2459,248,2184,0,0,0,27,2017
1395,1400000US22071003702,37.02,3573,1307,1997,22,64,0,69,2017
1396,1400000US22071005400,54,1749,1259,391,0,0,0,25,2017
1397,1400000US22071005500,55,2778,2651,36,29,0,0,23,2017
1398,1400000US22071005604,56.04,1586,1410,103,26,36,0,0,2017
1399,1400000US22071009100,91,1758,973,702,0,74,0,0,2017
1400,1400000US22071011400,114,2025,1892,66,0,21,0,17,2017
1401,1400000US22071002600,26,1662,1372,247,0,43,0,0,2017
1402,1400000US22071001402,14.02,2006,241,1603,5,0,0,7,2017
1403,1400000US22071007800,78,1173,952,179,0,2,0,15,2017
1404,1400000US22071012101,121.01,3264,2632,146,0,266,16,25,2017
1405,1400000US22071001740,17.40,5007,0,4998,0,0,0,0,2017
1406,1400000US22071005000,50,1156,507,602,0,5,0,8,2017
1407,1400000US22071013100,131,1380,205,1137,12,0,0,12,2017
1408,1400000US22071000400,4,2034,311,1656,0,30,0,22,2017
1409,1400000US22071001200,12,1824,1434,255,7,8,0,56,2017
1410,1400000US22071002200,22,1519,58,1434,0,0,0,16,2017
1411,1400000US22071009200,92,1454,70,1352,0,0,0,0,2017
1412,1400000US22071012800,128,2176,1464,464,4,131,0,12,2017
1413,1400000US22071001741,17.41,1568,23,928,0,571,0,31,2017
1414,1400000US22071001100,11,1876,1163,676,0,12,0,8,2017
1415,1400000US22071011200,112,1534,1028,369,0,30,0,37,2017
1416,1400000US22071000100,1,2735,2454,235,0,33,0,0,2018
1417,1400000US22071000200,2,1704,217,1480,0,0,0,0,2018
1418,1400000US22071000300,3,1263,134,1129,0,0,0,0,2018
1419,1400000US22071000400,4,1942,326,1537,0,42,0,24,2018
1420,1400000US22071000601,6.01,816,29,787,0,0,0,0,2018
1421,1400000US22071000602,6.02,2328,256,1907,0,4,0,149,2018
1422,1400000US22071000603,6.03,936,92,769,0,20,0,10,2018
1423,1400000US22071000604,6.04,4163,793,3160,10,0,0,0,2018
1424,1400000US22071000605,6.05,2297,473,1744,0,0,0,66,2018
1425,1400000US22071000606,6.06,4523,1566,2536,0,151,0,95,2018
1426,1400000US22071000607,6.07,4733,2165,2277,11,18,0,227,2018
1427,1400000US22071000611,6.11,5144,119,4268,0,679,0,78,2018
1428,1400000US22071000612,6.12,1834,1027,577,4,141,0,59,2018
1429,1400000US22071000613,6.13,4906,541,4270,0,69,0,18,2018
1430,1400000US22071000615,6.15,4313,973,3007,0,161,0,102,2018
1431,1400000US22071000616,6.16,4392,1607,2467,0,66,0,46,2018
1432,1400000US22071000617,6.17,5366,523,4444,0,147,0,240,2018
1433,1400000US22071000618,6.18,4392,1195,2971,0,226,0,0,2018
1434,1400000US22071000701,7.01,907,35,827,0,4,0,35,2018
1435,1400000US22071000702,7.02,1877,325,1440,0,64,0,18,2018
1436,1400000US22071000800,8,1752,252,1445,0,12,0,0,2018
1437,1400000US22071000901,9.01,901,121,780,0,0,0,0,2018
1438,1400000US22071000902,9.02,555,14,525,0,0,0,16,2018
1439,1400000US22071000903,9.03,700,7,690,0,0,0,0,2018
1440,1400000US22071000904,9.04,1315,51,1250,7,0,7,0,2018
1441,1400000US22071001100,11,1808,1069,697,10,5,0,13,2018
1442,1400000US22071001200,12,1701,1322,268,7,14,0,67,2018
1443,1400000US22071001301,13.01,1936,706,1143,0,19,0,5,2018
1444,1400000US22071001302,13.02,1128,235,878,0,0,0,0,2018
1445,1400000US22071001401,14.01,1420,70,1350,0,0,0,0,2018
1446,1400000US22071001402,14.02,1969,188,1611,6,0,0,12,2018
1447,1400000US22071001500,15,908,184,705,0,0,0,8,2018
1448,1400000US22071001600,16,0,0,0,0,0,0,0,2018
1449,1400000US22071001701,17.01,2255,27,2204,0,0,0,0,2018
1450,1400000US22071001702,17.02,3544,699,2681,0,59,0,74,2018
1451,1400000US22071001720,17.20,3214,72,3094,0,0,0,24,2018
1452,1400000US22071001722,17.22,4265,67,4119,0,0,0,14,2018
1453,1400000US22071001723,17.23,4567,94,4346,0,103,0,0,2018
1454,1400000US22071001724,17.24,5476,312,5079,0,23,0,0,2018
1455,1400000US22071001725,17.25,6949,383,6474,23,0,0,30,2018
1456,1400000US22071001730,17.30,1161,42,969,0,63,0,87,2018
1457,1400000US22071001734,17.34,920,845,0,0,26,0,37,2018
1458,1400000US22071001735,17.35,2567,18,2483,0,0,18,10,2018
1459,1400000US22071001736,17.36,2015,27,1854,0,0,0,42,2018
1460,1400000US22071001737,17.37,3478,94,3239,42,0,0,7,2018
1461,1400000US22071001739,17.39,2009,29,1862,0,50,0,0,2018
1462,1400000US22071001740,17.40,5057,0,4782,0,275,0,0,2018
1463,1400000US22071001741,17.41,1611,19,1081,0,444,0,55,2018
1464,1400000US22071001743,17.43,2482,45,2405,0,0,0,0,2018
1465,1400000US22071001744,17.44,5037,22,4993,0,22,0,0,2018
1466,1400000US22071001745,17.45,3619,113,3375,0,97,0,0,2018
1467,1400000US22071001746,17.46,4000,151,3840,0,0,0,0,2018
1468,1400000US22071001747,17.47,4474,34,3277,0,912,0,124,2018
1469,1400000US22071001748,17.48,4524,206,4119,0,199,0,0,2018
1470,1400000US22071001749,17.49,3327,133,1471,31,1448,0,223,2018
1471,1400000US22071001750,17.50,3286,110,1399,10,1462,0,305,2018
1472,1400000US22071001751,17.51,725,172,512,0,13,0,28,2018
1473,1400000US22071001800,18,1487,1160,110,0,35,0,81,2018
1474,1400000US22071001900,19,1409,426,902,50,17,0,0,2018
1475,1400000US22071002000,20,1262,184,1026,0,6,0,0,2018
1476,1400000US22071002100,21,1263,80,1149,0,0,0,5,2018
1477,1400000US22071002200,22,1656,95,1531,0,0,0,19,2018
1478,1400000US22071002300,23,2195,40,2028,0,19,0,80,2018
1479,1400000US22071002401,24.01,2173,267,1793,0,15,0,27,2018
1480,1400000US22071002402,24.02,3167,211,2855,0,0,0,57,2018
1481,1400000US22071002501,25.01,2229,259,1899,0,0,0,33,2018
1482,1400000US22071002502,25.02,2422,117,2261,0,0,0,44,2018
1483,1400000US22071002503,25.03,2235,567,1478,0,26,0,102,2018
1484,1400000US22071002504,25.04,2862,619,2124,15,36,0,53,2018
1485,1400000US22071002600,26,1681,1431,221,0,18,0,0,2018
1486,1400000US22071002700,27,1358,452,898,3,0,0,0,2018
1487,1400000US22071002800,28,1642,84,1551,0,0,0,0,2018
1488,1400000US22071002900,29,1014,183,808,0,10,0,0,2018
1489,1400000US22071003000,30,1018,66,900,0,0,0,38,2018
1490,1400000US22071003100,31,1457,181,1254,0,0,0,14,2018
1491,1400000US22071003301,33.01,2149,766,1253,0,95,0,17,2018
1492,1400000US22071003302,33.02,3287,655,2588,0,1,0,25,2018
1493,1400000US22071003303,33.03,2495,614,1760,0,34,0,82,2018
1494,1400000US22071003304,33.04,2580,283,2259,0,0,0,32,2018
1495,1400000US22071003307,33.07,1506,42,1457,7,0,0,0,2018
1496,1400000US22071003308,33.08,3450,376,2979,0,18,0,31,2018
1497,1400000US22071003400,34,1431,571,783,0,0,0,4,2018
1498,1400000US22071003500,35,1290,180,1066,0,1,0,0,2018
1499,1400000US22071003600,36,1435,320,1080,0,0,0,0,2018
1500,1400000US22071003701,37.01,1936,658,1186,0,16,0,28,2018
1501,1400000US22071003702,37.02,3485,1270,1957,0,46,0,56,2018
1502,1400000US22071003800,38,1246,1172,58,0,16,0,0,2018
1503,1400000US22071003900,39,1138,559,462,2,0,0,0,2018
1504,1400000US22071004000,40,1936,746,1180,0,4,0,0,2018
1505,1400000US22071004100,41,1516,1262,237,0,7,0,6,2018
1506,1400000US22071004401,44.01,1111,333,658,0,20,0,30,2018
1507,1400000US22071004402,44.02,399,70,329,0,0,0,0,2018
1508,1400000US22071004500,45,2612,1257,1323,0,6,0,15,2018
1509,1400000US22071004600,46,2896,2564,146,0,46,0,33,2018
1510,1400000US22071004800,48,231,8,223,0,0,0,0,2018
1511,1400000US22071004900,49,1602,533,967,0,30,0,19,2018
1512,1400000US22071005000,50,1053,499,486,0,11,0,11,2018
1513,1400000US22071005400,54,1742,1322,278,0,0,0,55,2018
1514,1400000US22071005500,55,2849,2487,158,26,115,0,8,2018
1515,1400000US22071005601,56.01,2441,2381,28,0,12,0,20,2018
1516,1400000US22071005602,56.02,2639,2465,58,0,78,0,0,2018
1517,1400000US22071005603,56.03,1690,1465,108,0,67,0,21,2018
1518,1400000US22071005604,56.04,1516,1321,113,24,47,0,0,2018
1519,1400000US22071006000,60,2468,626,1606,0,64,0,91,2018
1520,1400000US22071006300,63,1678,762,809,0,19,0,59,2018
1521,1400000US22071006400,64,2233,1589,474,0,10,0,0,2018
1522,1400000US22071006500,65,2762,1631,905,0,23,0,128,2018
1523,1400000US22071006900,69,1025,0,1006,0,0,0,4,2018
1524,1400000US22071007000,70,2153,276,1768,7,44,0,5,2018
1525,1400000US22071007101,71.01,2861,641,2143,0,35,0,4,2018
1526,1400000US22071007200,72,2960,376,2455,0,36,10,28,2018
1527,1400000US22071007501,75.01,2719,275,2361,0,22,0,0,2018
1528,1400000US22071007502,75.02,3591,377,3014,28,16,28,0,2018
1529,1400000US22071007604,76.04,1900,1840,34,0,26,0,0,2018
1530,1400000US22071007605,76.05,1419,167,1165,44,0,0,25,2018
1531,1400000US22071007606,76.06,3948,2947,642,9,170,0,94,2018
1532,1400000US22071007700,77,2302,1972,175,7,104,0,0,2018
1533,1400000US22071007800,78,1176,839,283,0,1,0,11,2018
1534,1400000US22071008200,82,1464,973,252,0,2,0,193,2018
1535,1400000US22071008300,83,1102,869,173,0,9,0,19,2018
1536,1400000US22071008400,84,1057,526,440,0,35,0,18,2018
1537,1400000US22071008500,85,1014,114,805,0,0,0,89,2018
1538,1400000US22071008600,86,1087,119,935,0,12,0,9,2018
1539,1400000US22071008800,88,1782,1538,167,24,11,0,0,2018
1540,1400000US22071009000,90,2029,1897,106,8,9,0,9,2018
1541,1400000US22071009100,91,1766,891,818,6,42,0,0,2018
1542,1400000US22071009200,92,1498,110,1351,0,0,0,0,2018
1543,1400000US22071009400,94,1554,81,1473,0,0,0,0,2018
1544,1400000US22071009600,96,1548,862,643,0,0,0,0,2018
1545,1400000US22071009700,97,1326,1149,132,0,14,0,18,2018
1546,1400000US22071009900,99,2673,2160,315,0,28,9,67,2018
1547,1400000US22071010000,100,1525,503,960,0,22,0,19,2018
1548,1400000US22071010100,101,1948,1554,351,15,0,0,28,2018
1549,1400000US22071010200,102,2125,585,1389,0,56,0,31,2018
1550,1400000US22071010300,103,3676,717,2877,0,6,0,24,2018
1551,1400000US22071010600,106,1553,1019,497,0,21,0,0,2018
1552,1400000US22071010700,107,1883,1596,168,4,27,0,35,2018
1553,1400000US22071010800,108,1418,1317,27,0,35,0,27,2018
1554,1400000US22071010900,109,3142,1957,1033,30,54,0,34,2018
1555,1400000US22071011100,111,1837,845,841,14,10,0,40,2018
1556,1400000US22071011200,112,1573,1010,467,0,39,0,9,2018
1557,1400000US22071011400,114,1926,1788,90,0,21,0,19,2018
1558,1400000US22071011500,115,1289,1147,69,0,47,0,0,2018
1559,1400000US22071011600,116,1491,1333,59,0,73,0,0,2018
1560,1400000US22071011700,117,3082,2991,26,0,29,0,36,2018
1561,1400000US22071011900,119,1755,1328,132,0,134,0,4,2018
1562,1400000US22071012000,120,1387,1161,94,4,45,0,35,2018
1563,1400000US22071012101,121.01,3185,2490,126,0,306,17,33,2018
1564,1400000US22071012102,121.02,4185,2942,731,0,283,9,72,2018
1565,1400000US22071012200,122,2339,1915,295,16,49,0,2,2018
1566,1400000US22071012300,123,2167,958,1070,0,47,0,53,2018
1567,1400000US22071012400,124,1749,929,717,0,38,0,18,2018
1568,1400000US22071012500,125,1801,1230,358,11,116,0,22,2018
1569,1400000US22071012600,126,1554,1128,249,6,80,0,6,2018
1570,1400000US22071012700,127,2439,1220,896,7,243,0,16,2018
1571,1400000US22071012800,128,2233,1586,429,21,101,0,4,2018
1572,1400000US22071012900,129,1441,831,467,0,21,0,59,2018
1573,1400000US22071013000,130,1549,741,622,0,40,0,13,2018
1574,1400000US22071013100,131,1421,276,1099,16,0,0,10,2018
1575,1400000US22071013200,132,2956,1114,1440,19,116,0,156,2018
1576,1400000US22071013301,133.01,3724,3388,109,0,155,0,0,2018
1577,1400000US22071013302,133.02,2141,1248,619,0,122,0,14,2018
1578,1400000US22071013400,134,2859,1884,777,0,129,0,26,2018
1579,1400000US22071013500,135,1831,1658,124,12,0,0,0,2018
1580,1400000US22071013600,136,1026,539,452,12,5,0,0,2018
1581,1400000US22071013700,137,2749,22,2702,0,0,0,19,2018
1582,1400000US22071013800,138,2615,55,2393,0,7,0,107,2018
1583,1400000US22071013900,139,1579,1036,505,0,31,0,4,2018
1584,1400000US22071014000,140,1893,38,1842,0,0,0,5,2018
1585,1400000US22071014100,141,2337,533,1725,0,62,0,8,2018
1586,1400000US22071014200,142,1647,1221,352,2,43,0,29,2018
1587,1400000US22071014300,143,1857,83,1709,9,0,0,0,2018
1588,1400000US22071014400,144,1723,1177,477,13,16,0,12,2018
1589,1400000US22071014500,145,2516,332,2173,0,8,0,3,2018
1590,1400000US22071980000,9800,10,7,1,0,2,0,0,2018
1591,1400000US22071980100,9801,0,0,0,0,0,0,0,2018
1592,1400000US22071990000,9900,0,0,0,0,0,0,0,2018
